datetime,u_freep,u_free,u_reep,u_used
2022-01-18 00:10:00,0.0,609.77492,0.0,0.0
2022-01-18 00:20:00,0.0,610.53225,0.0,0.0
2022-01-18 00:30:00,0.0,677.2297000000001,0.0,0.0
2022-01-18 00:40:00,0.0,713.9113,0.0,0.0
2022-01-18 00:50:00,0.0,816.5857,0.0,0.0
2022-01-18 01:00:00,0.0,832.08007,0.0,0.0
2022-01-18 01:10:00,0.0,803.52253,0.0,0.0
2022-01-18 01:20:00,0.0,612.8047999999999,0.0,0.0
2022-01-18 01:30:00,0.0,736.3014,0.0,0.0
2022-01-18 01:40:00,0.0,825.37766,0.0,0.0
2022-01-18 01:50:00,0.0,930.09065,0.0,0.0
2022-01-18 02:00:00,0.0,833.68513,0.0,0.0
2022-01-18 02:10:00,0.0,938.851606,0.0,0.0
2022-01-18 02:20:00,0.0,908.324726,0.0,0.0
2022-01-18 02:30:00,0.0,899.12689,0.0,0.0
2022-01-18 02:40:00,0.0,921.60191,0.0,0.0
2022-01-18 02:50:00,0.0,949.57097,0.0,0.0
2022-01-18 03:00:00,0.0,760.31947,0.0,0.0
2022-01-18 03:10:00,0.0,820.31606,0.0,0.0
2022-01-18 03:20:00,0.0,856.77408,0.0,0.0
2022-01-18 03:30:00,0.0,874.3302,0.0,0.0
2022-01-18 03:40:00,0.0,898.7346699999999,0.0,0.0
2022-01-18 03:50:00,0.0,742.01465,0.0,0.0
2022-01-18 04:00:00,0.0,850.9616100000001,0.0,0.0
2022-01-18 04:10:00,0.0,784.76252,0.0,0.0
2022-01-18 04:20:00,0.0,894.3762849999999,0.0,0.0
2022-01-18 04:30:00,0.0,883.57585,0.0,0.0
2022-01-18 04:40:00,0.0,862.9155499999999,0.0,0.0
2022-01-18 04:50:00,0.0,832.58812,0.0,0.0
2022-01-18 05:00:00,0.0,821.9593199999999,0.0,0.0
2022-01-18 05:10:00,0.0,824.75325,0.0,0.0
2022-01-18 05:20:00,0.0,693.93227,0.0,0.0
2022-01-18 05:30:00,0.0,738.26587,0.0,0.0
2022-01-18 05:40:00,0.0,797.30363,0.0,0.0
2022-01-18 05:50:00,0.0,747.718,0.0,0.0
2022-01-18 06:00:00,0.0,826.2142799999999,0.0,0.0
2022-01-18 06:10:00,0.0,861.08057,0.0,0.0
2022-01-18 06:20:00,0.0,813.28937,0.0,0.0
2022-01-18 06:30:00,0.0,484.90494,0.0,0.0
2022-01-18 06:40:00,0.0,867.07753,0.0,0.0
2022-01-18 06:50:00,0.0,781.78705,0.0,0.0
2022-01-18 07:00:00,0.0,792.55714,0.0,0.0
2022-01-18 07:10:00,0.0,103.09000000000002,0.0,0.0
2022-01-18 07:20:00,0.0,877.8004099999999,0.0,0.0
2022-01-18 07:30:00,0.0,439.1999,0.0,0.0
2022-01-18 07:40:00,0.0,781.48395,0.0,0.0
2022-01-18 07:50:00,0.0,539.73353,0.0,0.0
2022-01-18 08:00:00,0.0,526.19445,0.0,0.0
2022-01-18 08:10:00,0.0,806.89453,0.0,0.0
2022-01-18 08:20:00,0.0,861.65439,0.0,0.0
2022-01-18 08:30:00,0.0,576.7848,0.0,0.0
2022-01-18 08:40:00,0.0,853.75462,0.0,0.0
2022-01-18 08:50:00,0.0,819.00766,0.0,0.0
2022-01-18 09:00:00,0.0,644.6391,0.0,0.0
2022-01-18 09:10:00,0.0,609.99313,0.0,0.0
2022-01-18 09:20:00,0.0,788.97563,0.0,0.0
2022-01-18 09:30:00,0.0,730.36593,0.0,0.0
2022-01-18 09:40:00,0.0,471.9871,0.0,0.0
2022-01-18 09:50:00,0.0,596.71855,0.0,0.0
2022-01-18 10:00:00,10.100846759259255,774.78743,10.100846759259255,10.100846759259255
2022-01-18 10:10:00,42.3286625,705.03837,42.3286625,89.89915324074074
2022-01-18 10:20:00,14.2518962962963,694.3923199999999,14.2518962962963,50.0
2022-01-18 10:30:00,0.0,493.2095,0.0,0.0
2022-01-18 10:40:00,0.0,720.1723,0.0,0.0
2022-01-18 10:50:00,0.0,730.0150400000001,0.0,0.0
2022-01-18 11:00:00,0.0,753.76162,0.0,0.0
2022-01-18 11:10:00,0.0,782.4023,0.0,0.0
2022-01-18 11:20:00,0.0,796.14322,0.0,0.0
2022-01-18 11:30:00,0.0,746.5732,0.0,0.0
2022-01-18 11:40:00,6.998473611111105,869.8690099999999,6.998473611111105,50.0
2022-01-18 11:50:00,0.0,851.43793,0.0,0.0
2022-01-18 12:00:00,0.0,353.944,0.0,0.0
2022-01-18 12:10:00,0.0,523.55728,0.0,0.0
2022-01-18 12:20:00,0.0,797.4891200000001,0.0,0.0
2022-01-18 12:30:00,0.0,821.36779,0.0,0.0
2022-01-18 12:40:00,0.0,702.48076,0.0,0.0
2022-01-18 12:50:00,0.0,736.07323,0.0,0.0
2022-01-18 13:00:00,0.0,806.34876,0.0,0.0
2022-01-18 13:10:00,0.0,462.4699,0.0,0.0
2022-01-18 13:20:00,0.0,807.09518,0.0,0.0
2022-01-18 13:30:00,0.0,436.8664,0.0,0.0
2022-01-18 13:40:00,0.0,868.28642,0.0,0.0
2022-01-18 13:50:00,0.0,722.1967000000001,0.0,0.0
2022-01-18 14:00:00,0.0,647.4445200000001,0.0,0.0
2022-01-18 14:10:00,0.0,728.9472000000001,0.0,0.0
2022-01-18 14:20:00,0.0,806.3652500000001,0.0,0.0
2022-01-18 14:30:00,0.0,723.9196999999999,0.0,0.0
2022-01-18 14:40:00,0.0,731.55344,0.0,0.0
2022-01-18 14:50:00,0.0,785.34013,0.0,0.0
2022-01-18 15:00:00,0.0,904.425584,0.0,0.0
2022-01-18 15:10:00,0.0,764.2698,0.0,0.0
2022-01-18 15:20:00,0.0,812.79294,0.0,0.0
2022-01-18 15:30:00,0.0,863.78995,0.0,0.0
2022-01-18 15:40:00,0.0,630.3177200000001,0.0,0.0
2022-01-18 15:50:00,0.0,647.24898,0.0,0.0
2022-01-18 16:00:00,0.0,784.36014,0.0,0.0
2022-01-18 16:10:00,0.0,735.10155,0.0,0.0
2022-01-18 16:20:00,0.0,731.6917000000001,0.0,0.0
2022-01-18 16:30:00,0.0,158.88196,0.0,0.0
2022-01-18 16:40:00,0.0,235.11015999999995,0.0,0.0
2022-01-18 16:50:00,0.0,319.6884,0.0,0.0
2022-01-18 17:00:00,0.0,341.035,0.0,0.0
2022-01-18 17:10:00,0.0,0.0,0.0,0.0
2022-01-18 17:20:00,0.0,264.41324,0.0,0.0
2022-01-18 17:30:00,0.0,219.97565,0.0,0.0
2022-01-18 17:40:00,0.0,91.72749999999996,0.0,0.0
2022-01-18 17:50:00,0.0,392.39085,0.0,0.0
2022-01-18 18:00:00,0.0,595.9641300000001,0.0,0.0
2022-01-18 18:10:00,0.0,320.61034,0.0,0.0
2022-01-18 18:20:00,0.0,745.3782600000001,0.0,0.0
2022-01-18 18:30:00,0.0,732.92848,0.0,0.0
2022-01-18 18:40:00,0.0,672.12757,0.0,0.0
2022-01-18 18:50:00,0.0,688.38966,0.0,0.0
2022-01-18 19:00:00,0.0,533.06663,0.0,0.0
2022-01-18 19:10:00,0.0,837.70816,0.0,0.0
2022-01-18 19:20:00,0.0,861.1859499999999,0.0,0.0
2022-01-18 19:30:00,0.0,655.61113,0.0,0.0
2022-01-18 19:40:00,0.0,651.1359199999999,0.0,0.0
2022-01-18 19:50:00,0.0,739.79872,0.0,0.0
2022-01-18 20:00:00,0.0,788.7174500000001,0.0,0.0
2022-01-18 20:10:00,0.0,607.29975,0.0,0.0
2022-01-18 20:20:00,0.0,668.1513,0.0,0.0
2022-01-18 20:30:00,0.0,814.31182,0.0,0.0
2022-01-18 20:40:00,0.0,673.0744,0.0,0.0
2022-01-18 20:50:00,0.0,776.7752,0.0,0.0
2022-01-18 21:00:00,0.0,717.4933599999999,0.0,0.0
2022-01-18 21:10:00,0.0,761.88232,0.0,0.0
2022-01-18 21:20:00,0.0,832.70663,0.0,0.0
2022-01-18 21:30:00,0.0,732.01808,0.0,0.0
2022-01-18 21:40:00,0.0,746.2154599999999,0.0,0.0
2022-01-18 21:50:00,0.0,769.4230399999999,0.0,0.0
2022-01-18 22:00:00,0.0,882.36898,0.0,0.0
2022-01-18 22:10:00,0.0,739.24044,0.0,0.0
2022-01-18 22:20:00,0.0,482.66566,0.0,0.0
2022-01-18 22:30:00,0.0,743.0654999999999,0.0,0.0
2022-01-18 22:40:00,0.0,773.72032,0.0,0.0
2022-01-18 22:50:00,0.0,861.2938399999999,0.0,0.0
2022-01-18 23:00:00,0.0,703.64818,0.0,0.0
2022-01-18 23:10:00,0.0,830.04217,0.0,0.0
2022-01-18 23:20:00,0.0,738.81626,0.0,0.0
2022-01-18 23:30:00,0.0,813.2456999999999,0.0,0.0
2022-01-18 23:40:00,0.0,752.7365500000001,0.0,0.0
2022-01-18 23:50:00,0.0,880.7259349999999,0.0,0.0
2022-01-19 00:00:00,0.0,801.5457,0.0,0.0
2022-01-19 00:10:00,0.0,653.9090000000001,0.0,0.0
2022-01-19 00:20:00,0.0,748.88074,0.0,0.0
2022-01-19 00:30:00,0.0,659.36333,0.0,0.0
2022-01-19 00:40:00,0.0,739.6537400000001,0.0,0.0
2022-01-19 00:50:00,0.0,865.52495,0.0,0.0
2022-01-19 01:00:00,0.0,802.16774,0.0,0.0
2022-01-19 01:10:00,0.0,773.4674,0.0,0.0
2022-01-19 01:20:00,0.0,638.9739500000001,0.0,0.0
2022-01-19 01:30:00,0.0,773.9735800000001,0.0,0.0
2022-01-19 01:40:00,0.0,863.7266999999999,0.0,0.0
2022-01-19 01:50:00,0.0,838.68885,0.0,0.0
2022-01-19 02:00:00,0.0,821.0431,0.0,0.0
2022-01-19 02:10:00,0.0,903.648436,0.0,0.0
2022-01-19 02:20:00,0.0,907.22859,0.0,0.0
2022-01-19 02:30:00,0.0,808.46614,0.0,0.0
2022-01-19 02:40:00,0.0,934.6032,0.0,0.0
2022-01-19 02:50:00,0.0,950.41733,0.0,0.0
2022-01-19 03:00:00,0.0,619.1432500000001,0.0,0.0
2022-01-19 03:10:00,0.0,805.7107500000001,0.0,0.0
2022-01-19 03:20:00,0.0,899.30803,0.0,0.0
2022-01-19 03:30:00,0.0,867.86994,0.0,0.0
2022-01-19 03:40:00,0.0,850.5114599999999,0.0,0.0
2022-01-19 03:50:00,0.0,632.7711300000001,0.0,0.0
2022-01-19 04:00:00,0.0,909.79761,0.0,0.0
2022-01-19 04:10:00,0.0,875.07498,0.0,0.0
2022-01-19 04:20:00,0.0,777.3924999999999,0.0,0.0
2022-01-19 04:30:00,0.0,695.4406200000001,0.0,0.0
2022-01-19 04:40:00,0.0,919.91354,0.0,0.0
2022-01-19 04:50:00,0.0,873.08723,0.0,0.0
2022-01-19 05:00:00,0.0,788.55,0.0,0.0
2022-01-19 05:10:00,0.0,598.72755,0.0,0.0
2022-01-19 05:20:00,0.0,885.9937199999999,0.0,0.0
2022-01-19 05:30:00,0.0,765.07182,0.0,0.0
2022-01-19 05:40:00,0.0,711.0565300000001,0.0,0.0
2022-01-19 05:50:00,0.0,781.43093,0.0,0.0
2022-01-19 06:00:00,0.0,894.0315840000001,0.0,0.0
2022-01-19 06:10:00,0.0,807.47621,0.0,0.0
2022-01-19 06:20:00,0.0,732.19576,0.0,0.0
2022-01-19 06:30:00,0.0,698.2068399999999,0.0,0.0
2022-01-19 06:40:00,0.0,828.7798200000001,0.0,0.0
2022-01-19 06:50:00,0.0,871.14677,0.0,0.0
2022-01-19 07:00:00,0.0,844.82741,0.0,0.0
2022-01-19 07:10:00,0.0,232.7524,0.0,0.0
2022-01-19 07:20:00,0.0,515.02794,0.0,0.0
2022-01-19 07:30:00,0.0,840.19653,0.0,0.0
2022-01-19 07:40:00,0.0,63.71720000000003,0.0,0.0
2022-01-19 07:50:00,0.0,0.0,0.0,0.0
2022-01-19 08:00:00,0.0,705.7279000000001,0.0,0.0
2022-01-19 08:10:00,0.0,831.40612,0.0,0.0
2022-01-19 08:20:00,0.0,735.9995500000001,0.0,0.0
2022-01-19 08:30:00,0.0,274.71000000000004,0.0,0.0
2022-01-19 08:40:00,0.0,752.83997,0.0,0.0
2022-01-19 08:50:00,0.0,822.6424,0.0,0.0
2022-01-19 09:00:00,0.0,543.9838,0.0,0.0
2022-01-19 09:10:00,0.0,804.0515,0.0,0.0
2022-01-19 09:20:00,0.0,685.59727,0.0,0.0
2022-01-19 09:30:00,9.008549537037036,862.41889,9.008549537037036,9.008549537037036
2022-01-19 09:40:00,0.0,747.9474200000001,0.0,0.0
2022-01-19 09:50:00,24.610681481481485,661.02624,24.610681481481485,24.610681481481485
2022-01-19 10:00:00,34.337218518518526,617.29464,34.337218518518526,34.337218518518526
2022-01-19 10:10:00,56.54238425925927,682.2144999999999,56.54238425925927,56.54238425925927
2022-01-19 10:20:00,73.04466018518518,711.15622,73.04466018518518,73.04466018518518
2022-01-19 10:30:00,73.07600185185184,636.70188,73.07600185185184,73.07600185185184
2022-01-19 10:40:00,73.04686574074074,573.8841,73.04686574074074,73.04686574074074
2022-01-19 10:50:00,57.9444125,613.49577,57.9444125,57.9444125
2022-01-19 11:00:00,53.60795555555558,730.0492800000001,53.60795555555558,98.38922592592593
2022-01-19 11:10:00,9.078110185185183,812.99706,9.078110185185183,50.0
2022-01-19 11:20:00,0.0,767.87704,0.0,0.0
2022-01-19 11:30:00,0.0,617.26514,0.0,0.0
2022-01-19 11:40:00,0.0,653.23406,0.0,0.0
2022-01-19 11:50:00,0.0,692.1257400000001,0.0,0.0
2022-01-19 12:00:00,0.0,616.61312,0.0,0.0
2022-01-19 12:10:00,0.0,721.94573,0.0,0.0
2022-01-19 12:20:00,0.0,806.91531,0.0,0.0
2022-01-19 12:30:00,0.0,766.13924,0.0,0.0
2022-01-19 12:40:00,0.0,0.0,0.0,0.0
2022-01-19 12:50:00,0.0,16.025249999999993,0.0,0.0
2022-01-19 13:00:00,0.0,336.19016,0.0,0.0
2022-01-19 13:10:00,0.0,0.0,0.0,0.0
2022-01-19 13:20:00,0.0,174.13294000000002,0.0,0.0
2022-01-19 13:30:00,0.0,76.2602,0.0,0.0
2022-01-19 13:40:00,0.0,0.0,0.0,0.0
2022-01-19 13:50:00,0.0,211.1675,0.0,0.0
2022-01-19 14:00:00,0.0,332.32649999999995,0.0,0.0
2022-01-19 14:10:00,0.0,258.6618,0.0,0.0
2022-01-19 14:20:00,0.0,832.93582,0.0,0.0
2022-01-19 14:30:00,0.0,851.99901,0.0,0.0
2022-01-19 14:40:00,0.0,702.16987,0.0,0.0
2022-01-19 14:50:00,0.0,679.25924,0.0,0.0
2022-01-19 15:00:00,0.0,714.69596,0.0,0.0
2022-01-19 15:10:00,0.0,508.8580300000001,0.0,0.0
2022-01-19 15:20:00,0.0,685.5405299999999,0.0,0.0
2022-01-19 15:30:00,0.0,746.8868200000001,0.0,0.0
2022-01-19 15:40:00,0.0,660.83613,0.0,0.0
2022-01-19 15:50:00,0.0,713.15545,0.0,0.0
2022-01-19 16:00:00,0.0,769.7391700000001,0.0,0.0
2022-01-19 16:10:00,0.0,770.4417,0.0,0.0
2022-01-19 16:20:00,0.0,791.11668,0.0,0.0
2022-01-19 16:30:00,0.0,803.67114,0.0,0.0
2022-01-19 16:40:00,0.0,674.87395,0.0,0.0
2022-01-19 16:50:00,0.0,788.4086500000001,0.0,0.0
2022-01-19 17:00:00,0.0,809.94372,0.0,0.0
2022-01-19 17:10:00,0.0,824.0972899999999,0.0,0.0
2022-01-19 17:20:00,0.0,787.39117,0.0,0.0
2022-01-19 17:30:00,0.0,717.7036,0.0,0.0
2022-01-19 17:40:00,0.0,742.8582,0.0,0.0
2022-01-19 17:50:00,0.0,796.44866,0.0,0.0
2022-01-19 18:00:00,0.0,760.41934,0.0,0.0
2022-01-19 18:10:00,0.0,720.1695,0.0,0.0
2022-01-19 18:20:00,0.0,807.1184300000001,0.0,0.0
2022-01-19 18:30:00,0.0,855.6506,0.0,0.0
2022-01-19 18:40:00,0.0,817.86059,0.0,0.0
2022-01-19 18:50:00,0.0,805.8873100000001,0.0,0.0
2022-01-19 19:00:00,0.0,777.6744799999999,0.0,0.0
2022-01-19 19:10:00,0.0,845.8730999999999,0.0,0.0
2022-01-19 19:20:00,0.0,875.5081,0.0,0.0
2022-01-19 19:30:00,0.0,735.459,0.0,0.0
2022-01-19 19:40:00,0.0,719.38857,0.0,0.0
2022-01-19 19:50:00,0.0,874.00332,0.0,0.0
2022-01-19 20:00:00,0.0,856.15103,0.0,0.0
2022-01-19 20:10:00,0.0,729.1931000000001,0.0,0.0
2022-01-19 20:20:00,0.0,583.0559,0.0,0.0
2022-01-19 20:30:00,0.0,887.7546699999999,0.0,0.0
2022-01-19 20:40:00,0.0,928.99433,0.0,0.0
2022-01-19 20:50:00,0.0,551.20695,0.0,0.0
2022-01-19 21:00:00,0.0,859.33489,0.0,0.0
2022-01-19 21:10:00,0.0,845.57198,0.0,0.0
2022-01-19 21:20:00,0.0,698.39627,0.0,0.0
2022-01-19 21:30:00,0.0,879.71591,0.0,0.0
2022-01-19 21:40:00,0.0,878.2130900000001,0.0,0.0
2022-01-19 21:50:00,0.0,798.86693,0.0,0.0
2022-01-19 22:00:00,0.0,877.2062139999999,0.0,0.0
2022-01-19 22:10:00,0.0,703.6797,0.0,0.0
2022-01-19 22:20:00,0.0,901.33482,0.0,0.0
2022-01-19 22:30:00,0.0,899.14526,0.0,0.0
2022-01-19 22:40:00,0.0,845.8173300000001,0.0,0.0
2022-01-19 22:50:00,0.0,914.797746,0.0,0.0
2022-01-19 23:00:00,0.0,831.10483,0.0,0.0
2022-01-19 23:10:00,0.0,785.61752,0.0,0.0
2022-01-19 23:20:00,0.0,908.581465,0.0,0.0
2022-01-19 23:30:00,0.0,828.0585299999999,0.0,0.0
2022-01-19 23:40:00,0.0,823.71266,0.0,0.0
2022-01-19 23:50:00,0.0,945.338085,0.0,0.0
2022-01-20 00:00:00,0.0,879.8117,0.0,0.0
2022-01-20 00:10:00,0.0,844.23566,0.0,0.0
2022-01-20 00:20:00,0.0,538.5388399999999,0.0,0.0
2022-01-20 00:30:00,0.0,636.6779499999999,0.0,0.0
2022-01-20 00:40:00,0.0,845.73708,0.0,0.0
2022-01-20 00:50:00,0.0,847.5724799999999,0.0,0.0
2022-01-20 01:00:00,0.0,817.5598,0.0,0.0
2022-01-20 01:10:00,0.0,828.56408,0.0,0.0
2022-01-20 01:20:00,0.0,830.35521,0.0,0.0
2022-01-20 01:30:00,0.0,832.54525,0.0,0.0
2022-01-20 01:40:00,0.0,792.49914,0.0,0.0
2022-01-20 01:50:00,0.0,902.215034,0.0,0.0
2022-01-20 02:00:00,0.0,887.49478,0.0,0.0
2022-01-20 02:10:00,0.0,890.82434,0.0,0.0
2022-01-20 02:20:00,0.0,729.66057,0.0,0.0
2022-01-20 02:30:00,0.0,918.11712,0.0,0.0
2022-01-20 02:40:00,0.0,853.6757500000001,0.0,0.0
2022-01-20 02:50:00,0.0,723.6075,0.0,0.0
2022-01-20 03:00:00,0.0,870.93614,0.0,0.0
2022-01-20 03:10:00,0.0,879.9636800000001,0.0,0.0
2022-01-20 03:20:00,0.0,793.3463,0.0,0.0
2022-01-20 03:30:00,0.0,781.35897,0.0,0.0
2022-01-20 03:40:00,0.0,904.616386,0.0,0.0
2022-01-20 03:50:00,0.0,848.24294,0.0,0.0
2022-01-20 04:00:00,0.0,754.8291499999999,0.0,0.0
2022-01-20 04:10:00,0.0,813.6439,0.0,0.0
2022-01-20 04:20:00,0.0,701.14243,0.0,0.0
2022-01-20 04:30:00,0.0,879.41471,0.0,0.0
2022-01-20 04:40:00,0.0,490.2442,0.0,0.0
2022-01-20 04:50:00,0.0,719.1153999999999,0.0,0.0
2022-01-20 05:00:00,0.0,236.92749999999995,0.0,0.0
2022-01-20 05:10:00,0.0,800.75811,0.0,0.0
2022-01-20 05:20:00,0.0,909.753434,0.0,0.0
2022-01-20 05:30:00,0.0,831.41889,0.0,0.0
2022-01-20 05:40:00,0.0,870.19902,0.0,0.0
2022-01-20 05:50:00,0.0,895.8306299999999,0.0,0.0
2022-01-20 06:00:00,0.0,899.70509,0.0,0.0
2022-01-20 06:10:00,0.0,811.99707,0.0,0.0
2022-01-20 06:20:00,0.0,833.19838,0.0,0.0
2022-01-20 06:30:00,0.0,583.9443799999999,0.0,0.0
2022-01-20 06:40:00,0.0,859.2485599999999,0.0,0.0
2022-01-20 06:50:00,0.0,628.4356399999999,0.0,0.0
2022-01-20 07:00:00,0.0,377.06894,0.0,0.0
2022-01-20 07:10:00,0.0,791.8722799999999,0.0,0.0
2022-01-20 07:20:00,0.0,732.3200999999999,0.0,0.0
2022-01-20 07:30:00,0.0,423.1142,0.0,0.0
2022-01-20 07:40:00,0.0,308.06917,0.0,0.0
2022-01-20 07:50:00,0.0,649.8384500000001,0.0,0.0
2022-01-20 08:00:00,0.0,826.14411,0.0,0.0
2022-01-20 08:10:00,0.0,751.6258,0.0,0.0
2022-01-20 08:20:00,0.0,734.7403800000001,0.0,0.0
2022-01-20 08:30:00,0.0,517.6637499999999,0.0,0.0
2022-01-20 08:40:00,0.0,650.16717,0.0,0.0
2022-01-20 08:50:00,0.0,717.07612,0.0,0.0
2022-01-20 09:00:00,0.0,125.14130000000002,0.0,0.0
2022-01-20 09:10:00,0.0,721.3545,0.0,0.0
2022-01-20 09:20:00,0.0,703.52444,0.0,0.0
2022-01-20 09:30:00,1.5976717592592635,824.70857,1.5976717592592635,1.5976717592592635
2022-01-20 09:40:00,0.5171796296296304,710.22236,0.5171796296296304,0.5171796296296304
2022-01-20 09:50:00,0.0,245.27390000000003,0.0,0.0
2022-01-20 10:00:00,27.399874537037025,699.8044299999999,27.399874537037025,27.399874537037025
2022-01-20 10:10:00,51.673157870370375,744.99607,51.673157870370375,51.673157870370375
2022-01-20 10:20:00,18.993268981481485,770.46087,18.993268981481485,18.993268981481485
2022-01-20 10:30:00,43.849486574074064,788.61497,43.849486574074064,43.849486574074064
2022-01-20 10:40:00,0.0,651.59678,0.0,0.0
2022-01-20 10:50:00,0.0,668.1609,0.0,0.0
2022-01-20 11:00:00,7.215990740740733,811.1658,7.215990740740733,7.215990740740733
2022-01-20 11:10:00,11.676238425925929,857.6582500000001,11.676238425925929,11.676238425925929
2022-01-20 11:20:00,0.0,710.8099800000001,0.0,0.0
2022-01-20 11:30:00,0.0,813.29916,0.0,0.0
2022-01-20 11:40:00,0.0,864.4892,0.0,0.0
2022-01-20 11:50:00,0.0,373.84170000000006,0.0,0.0
2022-01-20 12:00:00,31.01534398148148,809.22781,31.01534398148148,31.01534398148148
2022-01-20 12:10:00,0.0,797.26806,0.0,0.0
2022-01-20 12:20:00,0.0,722.11203,0.0,0.0
2022-01-20 12:30:00,10.44293657407408,797.5518099999999,10.44293657407408,10.44293657407408
2022-01-20 12:40:00,12.589782870370362,786.6757699999999,12.589782870370362,12.589782870370362
2022-01-20 12:50:00,23.20883148148148,775.46892,23.20883148148148,23.20883148148148
2022-01-20 13:00:00,48.89412314814813,820.37102,48.89412314814813,9.82023657407408
2022-01-20 13:10:00,0.0,747.1079199999999,0.0,0.0
2022-01-20 13:20:00,0.0,358.9719,0.0,0.0
2022-01-20 13:30:00,0.0,538.66127,0.0,0.0
2022-01-20 13:40:00,0.0,699.91764,0.0,0.0
2022-01-20 13:50:00,8.155751388888888,814.3774099999999,8.155751388888888,8.155751388888888
2022-01-20 14:00:00,12.989491666666662,811.67634,12.989491666666662,12.989491666666662
2022-01-20 14:10:00,73.67651712962963,792.24159,73.67651712962963,78.85475694444445
2022-01-20 14:20:00,0.0,723.35136,0.0,0.0
2022-01-20 14:30:00,0.0,377.5094,0.0,0.0
2022-01-20 14:40:00,0.0,812.81945,0.0,0.0
2022-01-20 14:50:00,0.0,695.951,0.0,0.0
2022-01-20 15:00:00,0.0,702.5330000000001,0.0,0.0
2022-01-20 15:10:00,0.0,794.01179,0.0,0.0
2022-01-20 15:20:00,0.0,711.03457,0.0,0.0
2022-01-20 15:30:00,0.0,336.21436000000006,0.0,0.0
2022-01-20 15:40:00,0.0,867.84293,0.0,0.0
2022-01-20 15:50:00,0.0,804.7824999999999,0.0,0.0
2022-01-20 16:00:00,0.0,699.09623,0.0,0.0
2022-01-20 16:10:00,0.0,670.06844,0.0,0.0
2022-01-20 16:20:00,0.0,928.660765,0.0,0.0
2022-01-20 16:30:00,0.0,819.0056999999999,0.0,0.0
2022-01-20 16:40:00,0.0,869.3131199999999,0.0,0.0
2022-01-20 16:50:00,0.0,809.03459,0.0,0.0
2022-01-20 17:00:00,0.0,883.61404,0.0,0.0
2022-01-20 17:10:00,0.0,630.88208,0.0,0.0
2022-01-20 17:20:00,0.0,887.70285,0.0,0.0
2022-01-20 17:30:00,0.0,689.90633,0.0,0.0
2022-01-20 17:40:00,0.0,582.66237,0.0,0.0
2022-01-20 17:50:00,0.0,866.49807,0.0,0.0
2022-01-20 18:00:00,0.0,820.39566,0.0,0.0
2022-01-20 18:10:00,0.0,453.42344,0.0,0.0
2022-01-20 18:20:00,0.0,331.74132999999995,0.0,0.0
2022-01-20 18:30:00,0.0,690.3720500000001,0.0,0.0
2022-01-20 18:40:00,0.0,793.6284099999999,0.0,0.0
2022-01-20 18:50:00,0.0,830.81733,0.0,0.0
2022-01-20 19:00:00,0.0,874.17535,0.0,0.0
2022-01-20 19:10:00,0.0,657.8326,0.0,0.0
2022-01-20 19:20:00,0.0,837.91709,0.0,0.0
2022-01-20 19:30:00,0.0,733.99898,0.0,0.0
2022-01-20 19:40:00,0.0,633.3305799999999,0.0,0.0
2022-01-20 19:50:00,0.0,656.94943,0.0,0.0
2022-01-20 20:00:00,0.0,729.73263,0.0,0.0
2022-01-20 20:10:00,0.0,795.12139,0.0,0.0
2022-01-20 20:20:00,0.0,660.12046,0.0,0.0
2022-01-20 20:30:00,0.0,740.43545,0.0,0.0
2022-01-20 20:40:00,0.0,794.09182,0.0,0.0
2022-01-20 20:50:00,0.0,854.30908,0.0,0.0
2022-01-20 21:00:00,0.0,838.0113,0.0,0.0
2022-01-20 21:10:00,0.0,702.6122799999999,0.0,0.0
2022-01-20 21:20:00,0.0,814.8267,0.0,0.0
2022-01-20 21:30:00,0.0,895.2304300000001,0.0,0.0
2022-01-20 21:40:00,0.0,720.6078200000001,0.0,0.0
2022-01-20 21:50:00,0.0,881.648004,0.0,0.0
2022-01-20 22:00:00,0.0,871.1102900000001,0.0,0.0
2022-01-20 22:10:00,0.0,795.51926,0.0,0.0
2022-01-20 22:20:00,0.0,865.8880399999999,0.0,0.0
2022-01-20 22:30:00,0.0,738.499,0.0,0.0
2022-01-20 22:40:00,0.0,916.269526,0.0,0.0
2022-01-20 22:50:00,0.0,785.7290999999999,0.0,0.0
2022-01-20 23:00:00,0.0,875.1725700000001,0.0,0.0
2022-01-20 23:10:00,0.0,775.32002,0.0,0.0
2022-01-20 23:20:00,0.0,914.987735,0.0,0.0
2022-01-20 23:30:00,0.0,742.79693,0.0,0.0
2022-01-20 23:40:00,0.0,840.3928099999999,0.0,0.0
2022-01-20 23:50:00,0.0,925.216444,0.0,0.0
2022-01-21 00:00:00,0.0,882.7270000000001,0.0,0.0
2022-01-21 00:10:00,0.0,688.4907499999999,0.0,0.0
2022-01-21 00:20:00,0.0,771.7364,0.0,0.0
2022-01-21 00:30:00,0.0,773.79724,0.0,0.0
2022-01-21 00:40:00,0.0,782.887,0.0,0.0
2022-01-21 00:50:00,0.0,892.390646,0.0,0.0
2022-01-21 01:00:00,0.0,855.4834,0.0,0.0
2022-01-21 01:10:00,0.0,801.42267,0.0,0.0
2022-01-21 01:20:00,0.0,750.40385,0.0,0.0
2022-01-21 01:30:00,0.0,887.2137700000001,0.0,0.0
2022-01-21 01:40:00,0.0,706.91353,0.0,0.0
2022-01-21 01:50:00,0.0,894.57011,0.0,0.0
2022-01-21 02:00:00,0.0,907.99233,0.0,0.0
2022-01-21 02:10:00,0.0,859.78049,0.0,0.0
2022-01-21 02:20:00,0.0,817.4919000000001,0.0,0.0
2022-01-21 02:30:00,0.0,940.32883,0.0,0.0
2022-01-21 02:40:00,0.0,862.62964,0.0,0.0
2022-01-21 02:50:00,0.0,826.27292,0.0,0.0
2022-01-21 03:00:00,0.0,891.8165799999999,0.0,0.0
2022-01-21 03:10:00,0.0,881.0541000000001,0.0,0.0
2022-01-21 03:20:00,0.0,864.31305,0.0,0.0
2022-01-21 03:30:00,0.0,853.77336,0.0,0.0
2022-01-21 03:40:00,0.0,870.7843899999999,0.0,0.0
2022-01-21 03:50:00,0.0,725.0907,0.0,0.0
2022-01-21 04:00:00,0.0,855.6022800000001,0.0,0.0
2022-01-21 04:10:00,0.0,818.0346199999999,0.0,0.0
2022-01-21 04:20:00,0.0,820.97676,0.0,0.0
2022-01-21 04:30:00,0.0,701.1742999999999,0.0,0.0
2022-01-21 04:40:00,0.0,808.17921,0.0,0.0
2022-01-21 04:50:00,0.0,729.4385,0.0,0.0
2022-01-21 05:00:00,0.0,693.16047,0.0,0.0
2022-01-21 05:10:00,0.0,798.82336,0.0,0.0
2022-01-21 05:20:00,0.0,930.04398,0.0,0.0
2022-01-21 05:30:00,0.0,798.4645700000001,0.0,0.0
2022-01-21 05:40:00,0.0,728.74632,0.0,0.0
2022-01-21 05:50:00,0.0,766.3479600000001,0.0,0.0
2022-01-21 06:00:00,0.0,844.44913,0.0,0.0
2022-01-21 06:10:00,0.0,849.18724,0.0,0.0
2022-01-21 06:20:00,0.0,769.15291,0.0,0.0
2022-01-21 06:30:00,0.0,701.10714,0.0,0.0
2022-01-21 06:40:00,0.0,444.9473,0.0,0.0
2022-01-21 06:50:00,0.0,440.19276,0.0,0.0
2022-01-21 07:00:00,0.0,593.38257,0.0,0.0
2022-01-21 07:10:00,0.0,693.28707,0.0,0.0
2022-01-21 07:20:00,0.0,894.7024799999999,0.0,0.0
2022-01-21 07:30:00,0.0,337.74465,0.0,0.0
2022-01-21 07:40:00,0.0,445.8935000000001,0.0,0.0
2022-01-21 07:50:00,0.0,456.4079,0.0,0.0
2022-01-21 08:00:00,0.0,824.5205100000001,0.0,0.0
2022-01-21 08:10:00,0.0,769.04313,0.0,0.0
2022-01-21 08:20:00,0.0,684.0711500000001,0.0,0.0
2022-01-21 08:30:00,0.0,731.36842,0.0,0.0
2022-01-21 08:40:00,0.0,787.52868,0.0,0.0
2022-01-21 08:50:00,0.0,854.5583,0.0,0.0
2022-01-21 09:00:00,0.0,494.07,0.0,0.0
2022-01-21 09:10:00,0.0,544.2724,0.0,0.0
2022-01-21 09:20:00,7.843001388888888,842.8776099999999,7.843001388888888,7.843001388888888
2022-01-21 09:30:00,0.0,362.80847000000006,0.0,0.0
2022-01-21 09:40:00,27.421686111111107,728.97214,27.421686111111107,27.421686111111107
2022-01-21 09:50:00,38.60660370370369,723.51688,38.60660370370369,38.60660370370369
2022-01-21 10:00:00,48.296077314814816,767.97709,48.296077314814816,48.296077314814816
2022-01-21 10:10:00,46.22729583333333,772.73253,46.22729583333333,46.22729583333333
2022-01-21 10:20:00,60.99340277777779,631.1605,60.99340277777779,60.99340277777779
2022-01-21 10:30:00,75.80565277777778,715.9687,75.80565277777778,75.80565277777778
2022-01-21 10:40:00,84.57432407407408,784.9458000000001,84.57432407407408,84.57432407407408
2022-01-21 10:50:00,48.22215046296297,714.33815,48.22215046296297,48.22215046296297
2022-01-21 11:00:00,57.55008564814815,762.22195,57.55008564814815,57.55008564814815
2022-01-21 11:10:00,60.667986574074064,832.70817,60.667986574074064,60.667986574074064
2022-01-21 11:20:00,37.58876898148148,858.59647,37.58876898148148,37.58876898148148
2022-01-21 11:30:00,40.70999074074074,849.7466000000001,40.70999074074074,40.70999074074074
2022-01-21 11:40:00,58.40708796296296,811.5337000000001,58.40708796296296,58.40708796296296
2022-01-21 11:50:00,21.30446481481482,592.32548,21.30446481481482,21.30446481481482
2022-01-21 12:00:00,58.41164444444445,712.63584,58.41164444444445,58.41164444444445
2022-01-21 12:10:00,27.75228981481481,710.3898200000001,27.75228981481481,27.75228981481481
2022-01-21 12:20:00,27.82137870370372,715.6792599999999,27.82137870370372,27.82137870370372
2022-01-21 12:30:00,44.481004629629645,711.7619,44.481004629629645,44.481004629629645
2022-01-21 12:40:00,33.32120462962962,731.81134,33.32120462962962,33.32120462962962
2022-01-21 12:50:00,26.61485972222223,783.1949900000001,26.61485972222223,26.61485972222223
2022-01-21 13:00:00,55.69016990740742,834.78789,55.69016990740742,55.69016990740742
2022-01-21 13:10:00,19.567526851851856,711.42486,19.567526851851856,19.567526851851856
2022-01-21 13:20:00,47.16394907407409,807.3751,47.16394907407409,47.16394907407409
2022-01-21 13:30:00,57.247210185185175,908.09458,57.247210185185175,57.247210185185175
2022-01-21 13:40:00,1.2927273148148175,592.16097,1.2927273148148175,1.2927273148148175
2022-01-21 13:50:00,41.94497361111112,912.64381,41.94497361111112,41.94497361111112
2022-01-21 14:00:00,25.386157407407413,784.215,25.386157407407413,25.386157407407413
2022-01-21 14:10:00,14.825748148148136,736.6067199999999,14.825748148148136,14.825748148148136
2022-01-21 14:20:00,33.98215324074075,901.75417,33.98215324074075,33.98215324074075
2022-01-21 14:30:00,28.09351851851852,840.74,28.09351851851852,28.09351851851852
2022-01-21 14:40:00,10.77134537037036,748.10302,10.77134537037036,10.77134537037036
2022-01-21 14:50:00,59.82302824074073,814.36047,59.82302824074073,59.82302824074073
2022-01-21 15:00:00,33.83838379629629,776.2550299999999,33.83838379629629,71.59053101851846
2022-01-21 15:10:00,0.0,464.7715,0.0,0.0
2022-01-21 15:20:00,4.669615740740743,930.0239,4.669615740740743,50.0
2022-01-21 15:30:00,0.0,916.373745,0.0,0.0
2022-01-21 15:40:00,0.0,834.96581,0.0,0.0
2022-01-21 15:50:00,0.0,775.31949,0.0,0.0
2022-01-21 16:00:00,0.0,640.9851600000001,0.0,0.0
2022-01-21 16:10:00,0.0,656.43537,0.0,0.0
2022-01-21 16:20:00,0.0,944.124624,0.0,0.0
2022-01-21 16:30:00,0.0,749.79675,0.0,0.0
2022-01-21 16:40:00,0.0,784.26522,0.0,0.0
2022-01-21 16:50:00,0.0,920.33685,0.0,0.0
2022-01-21 17:00:00,0.0,818.78033,0.0,0.0
2022-01-21 17:10:00,0.0,362.1022,0.0,0.0
2022-01-21 17:20:00,0.0,594.8050999999999,0.0,0.0
2022-01-21 17:30:00,0.0,847.90294,0.0,0.0
2022-01-21 17:40:00,0.0,628.0889000000001,0.0,0.0
2022-01-21 17:50:00,0.0,857.45545,0.0,0.0
2022-01-21 18:00:00,0.0,810.40387,0.0,0.0
2022-01-21 18:10:00,0.0,896.88488,0.0,0.0
2022-01-21 18:20:00,0.0,678.6353,0.0,0.0
2022-01-21 18:30:00,0.0,908.74229,0.0,0.0
2022-01-21 18:40:00,0.0,892.2917299999999,0.0,0.0
2022-01-21 18:50:00,0.0,869.05698,0.0,0.0
2022-01-21 19:00:00,0.0,839.21595,0.0,0.0
2022-01-21 19:10:00,0.0,609.14898,0.0,0.0
2022-01-21 19:20:00,0.0,933.054686,0.0,0.0
2022-01-21 19:30:00,0.0,892.82201,0.0,0.0
2022-01-21 19:40:00,0.0,886.61243,0.0,0.0
2022-01-21 19:50:00,0.0,846.43795,0.0,0.0
2022-01-21 20:00:00,0.0,861.7332600000001,0.0,0.0
2022-01-21 20:10:00,0.0,862.8865999999999,0.0,0.0
2022-01-21 20:20:00,0.0,898.1837700000001,0.0,0.0
2022-01-21 20:30:00,0.0,743.00537,0.0,0.0
2022-01-21 20:40:00,0.0,906.19843,0.0,0.0
2022-01-21 20:50:00,0.0,787.31604,0.0,0.0
2022-01-21 21:00:00,0.0,934.45004,0.0,0.0
2022-01-21 21:10:00,0.0,579.9077,0.0,0.0
2022-01-21 21:20:00,0.0,790.76536,0.0,0.0
2022-01-21 21:30:00,0.0,811.12617,0.0,0.0
2022-01-21 21:40:00,0.0,908.016324,0.0,0.0
2022-01-21 21:50:00,0.0,520.28126,0.0,0.0
2022-01-21 22:00:00,0.0,82.90416,0.0,0.0
2022-01-21 22:10:00,0.0,311.88476,0.0,0.0
2022-01-21 22:20:00,0.0,471.6183,0.0,0.0
2022-01-21 22:30:00,0.0,209.42910000000003,0.0,0.0
2022-01-21 22:40:00,0.0,348.83934000000005,0.0,0.0
2022-01-21 22:50:00,0.0,392.297,0.0,0.0
2022-01-21 23:00:00,0.0,404.6533,0.0,0.0
2022-01-21 23:10:00,0.0,893.28224,0.0,0.0
2022-01-21 23:20:00,0.0,600.8877200000001,0.0,0.0
2022-01-21 23:30:00,0.0,905.483514,0.0,0.0
2022-01-21 23:40:00,0.0,810.30598,0.0,0.0
2022-01-21 23:50:00,0.0,893.0538,0.0,0.0
2022-01-22 00:00:00,0.0,826.68003,0.0,0.0
2022-01-22 00:10:00,0.0,909.77427,0.0,0.0
2022-01-22 00:20:00,0.0,809.05794,0.0,0.0
2022-01-22 00:30:00,0.0,819.15712,0.0,0.0
2022-01-22 00:40:00,0.0,894.835606,0.0,0.0
2022-01-22 00:50:00,0.0,794.4012,0.0,0.0
2022-01-22 01:00:00,0.0,879.58326,0.0,0.0
2022-01-22 01:10:00,0.0,851.78886,0.0,0.0
2022-01-22 01:20:00,0.0,809.8145,0.0,0.0
2022-01-22 01:30:00,0.0,842.09815,0.0,0.0
2022-01-22 01:40:00,0.0,854.07539,0.0,0.0
2022-01-22 01:50:00,0.0,851.75915,0.0,0.0
2022-01-22 02:00:00,0.0,831.09133,0.0,0.0
2022-01-22 02:10:00,0.0,799.78634,0.0,0.0
2022-01-22 02:20:00,0.0,922.3293,0.0,0.0
2022-01-22 02:30:00,0.0,818.13185,0.0,0.0
2022-01-22 02:40:00,0.0,854.84083,0.0,0.0
2022-01-22 02:50:00,0.0,926.53477,0.0,0.0
2022-01-22 03:00:00,0.0,914.1617,0.0,0.0
2022-01-22 03:10:00,0.0,851.2615299999999,0.0,0.0
2022-01-22 03:20:00,0.0,836.4244699999999,0.0,0.0
2022-01-22 03:30:00,0.0,909.618855,0.0,0.0
2022-01-22 03:40:00,0.0,791.90363,0.0,0.0
2022-01-22 03:50:00,0.0,683.4942699999999,0.0,0.0
2022-01-22 04:00:00,0.0,887.24141,0.0,0.0
2022-01-22 04:10:00,0.0,708.66624,0.0,0.0
2022-01-22 04:20:00,0.0,854.2266199999999,0.0,0.0
2022-01-22 04:30:00,0.0,898.7628,0.0,0.0
2022-01-22 04:40:00,0.0,568.13666,0.0,0.0
2022-01-22 04:50:00,0.0,637.0831699999999,0.0,0.0
2022-01-22 05:00:00,0.0,862.06086,0.0,0.0
2022-01-22 05:10:00,0.0,768.78192,0.0,0.0
2022-01-22 05:20:00,0.0,888.7218399999999,0.0,0.0
2022-01-22 05:30:00,0.0,523.6398600000001,0.0,0.0
2022-01-22 05:40:00,0.0,877.37274,0.0,0.0
2022-01-22 05:50:00,0.0,918.486655,0.0,0.0
2022-01-22 06:00:00,0.0,759.10626,0.0,0.0
2022-01-22 06:10:00,0.0,506.5921,0.0,0.0
2022-01-22 06:20:00,0.0,528.2792400000001,0.0,0.0
2022-01-22 06:30:00,0.0,448.62413,0.0,0.0
2022-01-22 06:40:00,0.0,313.17997,0.0,0.0
2022-01-22 06:50:00,0.0,308.1511,0.0,0.0
2022-01-22 07:00:00,0.0,605.4789700000001,0.0,0.0
2022-01-22 07:10:00,0.0,211.5427,0.0,0.0
2022-01-22 07:20:00,0.0,567.2944799999999,0.0,0.0
2022-01-22 07:30:00,0.0,212.9609,0.0,0.0
2022-01-22 07:40:00,0.0,355.9318,0.0,0.0
2022-01-22 07:50:00,0.0,744.2455299999999,0.0,0.0
2022-01-22 08:00:00,0.0,706.5081,0.0,0.0
2022-01-22 08:10:00,0.0,841.3768,0.0,0.0
2022-01-22 08:20:00,0.0,817.48267,0.0,0.0
2022-01-22 08:30:00,0.0,697.0079000000001,0.0,0.0
2022-01-22 08:40:00,0.0,583.0157,0.0,0.0
2022-01-22 08:50:00,0.0,748.49972,0.0,0.0
2022-01-22 09:00:00,0.0,649.3275000000001,0.0,0.0
2022-01-22 09:10:00,0.0,644.57247,0.0,0.0
2022-01-22 09:20:00,0.0,824.3108,0.0,0.0
2022-01-22 09:30:00,0.0,847.65369,0.0,0.0
2022-01-22 09:40:00,0.0,815.71166,0.0,0.0
2022-01-22 09:50:00,45.19851805555555,734.88533,45.19851805555555,45.19851805555555
2022-01-22 10:00:00,74.15548055555556,823.42346,74.15548055555556,74.15548055555556
2022-01-22 10:10:00,68.81618379629631,756.03919,68.81618379629631,68.81618379629631
2022-01-22 10:20:00,79.21450416666667,773.96843,79.21450416666667,79.21450416666667
2022-01-22 10:30:00,74.73612546296297,861.8147700000001,74.73612546296297,74.73612546296297
2022-01-22 10:40:00,88.24668981481483,764.7574999999999,88.24668981481483,88.24668981481483
2022-01-22 10:50:00,41.79079166666666,745.3657000000001,41.79079166666666,41.79079166666666
2022-01-22 11:00:00,4.581341203703709,876.32699,4.581341203703709,4.581341203703709
2022-01-22 11:10:00,0.0,762.2892,0.0,0.0
2022-01-22 11:20:00,47.404581481481486,896.2463200000001,47.404581481481486,47.404581481481486
2022-01-22 11:30:00,45.36687916666667,832.34553,45.36687916666667,45.36687916666667
2022-01-22 11:40:00,50.90801805555556,874.55373,50.90801805555556,50.90801805555556
2022-01-22 11:50:00,122.58122083333336,886.5447899999999,122.58122083333336,79.58088657407401
2022-01-22 12:00:00,111.98550092592592,874.28494,111.98550092592592,100.0
2022-01-22 12:10:00,77.25290370370372,666.61024,77.25290370370372,77.25290370370372
2022-01-22 12:20:00,81.91851388888887,817.6133,81.91851388888887,81.91851388888887
2022-01-22 12:30:00,49.13309861111112,831.8543099999999,49.13309861111112,49.13309861111112
2022-01-22 12:40:00,50.91329768518519,885.94641,50.91329768518519,50.91329768518519
2022-01-22 12:50:00,25.852518981481484,668.73547,25.852518981481484,25.852518981481484
2022-01-22 13:00:00,7.187266666666666,877.2123200000001,7.187266666666666,7.187266666666666
2022-01-22 13:10:00,5.009246759259262,860.5119100000001,5.009246759259262,5.009246759259262
2022-01-22 13:20:00,9.958706481481483,903.36402,9.958706481481483,9.958706481481483
2022-01-22 13:30:00,15.413578240740742,832.74843,15.413578240740742,15.413578240740742
2022-01-22 13:40:00,30.80250699074074,942.668717,30.80250699074074,77.36086898148146
2022-01-22 13:50:00,0.0,772.381,0.0,0.0
2022-01-22 14:00:00,2.567950925925925,932.75058,2.567950925925925,50.0
2022-01-22 14:10:00,0.0,708.20227,0.0,0.0
2022-01-22 14:20:00,0.0,905.58388,0.0,0.0
2022-01-22 14:30:00,0.0,821.21858,0.0,0.0
2022-01-22 14:40:00,0.0,690.5482000000001,0.0,0.0
2022-01-22 14:50:00,0.0,724.1988200000001,0.0,0.0
2022-01-22 15:00:00,1.4212037037037042,924.966,1.4212037037037042,50.0
2022-01-22 15:10:00,0.0,809.81098,0.0,0.0
2022-01-22 15:20:00,0.0,893.55332,0.0,0.0
2022-01-22 15:30:00,0.0,803.9052,0.0,0.0
2022-01-22 15:40:00,0.0,885.1576749999999,0.0,0.0
2022-01-22 15:50:00,0.0,883.36763,0.0,0.0
2022-01-22 16:00:00,0.0,774.53183,0.0,0.0
2022-01-22 16:10:00,0.0,741.8694800000001,0.0,0.0
2022-01-22 16:20:00,0.0,925.95357,0.0,0.0
2022-01-22 16:30:00,0.0,888.9018199999999,0.0,0.0
2022-01-22 16:40:00,0.0,714.70612,0.0,0.0
2022-01-22 16:50:00,0.0,933.88147,0.0,0.0
2022-01-22 17:00:00,0.0,930.9414,0.0,0.0
2022-01-22 17:10:00,0.0,862.38597,0.0,0.0
2022-01-22 17:20:00,0.0,795.5501499999999,0.0,0.0
2022-01-22 17:30:00,0.0,838.44496,0.0,0.0
2022-01-22 17:40:00,0.0,940.60843,0.0,0.0
2022-01-22 17:50:00,0.0,877.27038,0.0,0.0
2022-01-22 18:00:00,0.0,925.248295,0.0,0.0
2022-01-22 18:10:00,0.0,868.39923,0.0,0.0
2022-01-22 18:20:00,0.0,930.32651,0.0,0.0
2022-01-22 18:30:00,0.0,916.58619,0.0,0.0
2022-01-22 18:40:00,0.0,839.96145,0.0,0.0
2022-01-22 18:50:00,0.0,932.87194,0.0,0.0
2022-01-22 19:00:00,0.0,871.1821399999999,0.0,0.0
2022-01-22 19:10:00,0.0,822.43332,0.0,0.0
2022-01-22 19:20:00,0.0,909.44143,0.0,0.0
2022-01-22 19:30:00,0.0,914.95899,0.0,0.0
2022-01-22 19:40:00,0.0,750.57796,0.0,0.0
2022-01-22 19:50:00,0.0,871.7562399999999,0.0,0.0
2022-01-22 20:00:00,0.0,952.7918,0.0,0.0
2022-01-22 20:10:00,0.0,834.2811300000001,0.0,0.0
2022-01-22 20:20:00,0.0,795.83487,0.0,0.0
2022-01-22 20:30:00,0.0,899.69875,0.0,0.0
2022-01-22 20:40:00,0.0,870.7225199999999,0.0,0.0
2022-01-22 20:50:00,0.0,906.65039,0.0,0.0
2022-01-22 21:00:00,0.0,921.14563,0.0,0.0
2022-01-22 21:10:00,0.0,858.59267,0.0,0.0
2022-01-22 21:20:00,0.0,843.65377,0.0,0.0
2022-01-22 21:30:00,0.0,941.00501,0.0,0.0
2022-01-22 21:40:00,0.0,847.65862,0.0,0.0
2022-01-22 21:50:00,0.0,896.63139,0.0,0.0
2022-01-22 22:00:00,0.0,943.056516,0.0,0.0
2022-01-22 22:10:00,0.0,734.73486,0.0,0.0
2022-01-22 22:20:00,0.0,851.1031099999999,0.0,0.0
2022-01-22 22:30:00,0.0,182.84523,0.0,0.0
2022-01-22 22:40:00,0.0,102.13269999999996,0.0,0.0
2022-01-22 22:50:00,0.0,271.40850000000006,0.0,0.0
2022-01-22 23:00:00,0.0,349.57296,0.0,0.0
2022-01-22 23:10:00,0.0,362.8748000000001,0.0,0.0
2022-01-22 23:20:00,0.0,278.22036,0.0,0.0
2022-01-22 23:30:00,0.0,358.4691,0.0,0.0
2022-01-22 23:40:00,0.0,346.0816,0.0,0.0
2022-01-22 23:50:00,0.0,560.76497,0.0,0.0
2022-01-23 00:00:00,0.0,959.959857,0.0,0.0
2022-01-23 00:10:00,0.0,917.35553,0.0,0.0
2022-01-23 00:20:00,0.0,900.383405,0.0,0.0
2022-01-23 00:30:00,0.0,914.342664,0.0,0.0
2022-01-23 00:40:00,0.0,882.4457100000001,0.0,0.0
2022-01-23 00:50:00,0.0,899.47862,0.0,0.0
2022-01-23 01:00:00,0.0,930.34222,0.0,0.0
2022-01-23 01:10:00,0.0,696.52337,0.0,0.0
2022-01-23 01:20:00,0.0,875.0908499999999,0.0,0.0
2022-01-23 01:30:00,0.0,882.26407,0.0,0.0
2022-01-23 01:40:00,0.0,748.8428,0.0,0.0
2022-01-23 01:50:00,0.0,900.66128,0.0,0.0
2022-01-23 02:00:00,0.0,827.88569,0.0,0.0
2022-01-23 02:10:00,0.0,837.79335,0.0,0.0
2022-01-23 02:20:00,0.0,891.418755,0.0,0.0
2022-01-23 02:30:00,0.0,772.67529,0.0,0.0
2022-01-23 02:40:00,0.0,827.93659,0.0,0.0
2022-01-23 02:50:00,0.0,845.68167,0.0,0.0
2022-01-23 03:00:00,0.0,854.10707,0.0,0.0
2022-01-23 03:10:00,0.0,819.4907499999999,0.0,0.0
2022-01-23 03:20:00,0.0,836.22001,0.0,0.0
2022-01-23 03:30:00,0.0,862.30354,0.0,0.0
2022-01-23 03:40:00,0.0,837.7375999999999,0.0,0.0
2022-01-23 03:50:00,0.0,694.25344,0.0,0.0
2022-01-23 04:00:00,0.0,912.04587,0.0,0.0
2022-01-23 04:10:00,0.0,813.8456600000001,0.0,0.0
2022-01-23 04:20:00,0.0,867.40927,0.0,0.0
2022-01-23 04:30:00,0.0,921.84224,0.0,0.0
2022-01-23 04:40:00,0.0,623.0996799999999,0.0,0.0
2022-01-23 04:50:00,0.0,727.225,0.0,0.0
2022-01-23 05:00:00,0.0,860.71253,0.0,0.0
2022-01-23 05:10:00,0.0,804.58908,0.0,0.0
2022-01-23 05:20:00,0.0,722.18093,0.0,0.0
2022-01-23 05:30:00,0.0,868.72324,0.0,0.0
2022-01-23 05:40:00,0.0,881.1825699999999,0.0,0.0
2022-01-23 05:50:00,0.0,932.576455,0.0,0.0
2022-01-23 06:00:00,0.0,615.51625,0.0,0.0
2022-01-23 06:10:00,0.0,808.28482,0.0,0.0
2022-01-23 06:20:00,0.0,766.83255,0.0,0.0
2022-01-23 06:30:00,0.0,760.2886100000001,0.0,0.0
2022-01-23 06:40:00,0.0,759.05935,0.0,0.0
2022-01-23 06:50:00,0.0,138.73225,0.0,0.0
2022-01-23 07:00:00,0.0,812.9210300000001,0.0,0.0
2022-01-23 07:10:00,0.0,463.23997,0.0,0.0
2022-01-23 07:20:00,0.0,806.1115,0.0,0.0
2022-01-23 07:30:00,0.0,675.04695,0.0,0.0
2022-01-23 07:40:00,0.0,385.6880000000001,0.0,0.0
2022-01-23 07:50:00,0.0,110.04809999999998,0.0,0.0
2022-01-23 08:00:00,0.0,275.53624,0.0,0.0
2022-01-23 08:10:00,0.0,840.25909,0.0,0.0
2022-01-23 08:20:00,0.0,687.84496,0.0,0.0
2022-01-23 08:30:00,0.0,658.99694,0.0,0.0
2022-01-23 08:40:00,0.0,722.9756000000001,0.0,0.0
2022-01-23 08:50:00,0.0,729.7153199999999,0.0,0.0
2022-01-23 09:00:00,0.0,518.61784,0.0,0.0
2022-01-23 09:10:00,0.0,820.72452,0.0,0.0
2022-01-23 09:20:00,0.0,819.15419,0.0,0.0
2022-01-23 09:30:00,0.0,795.4186599999999,0.0,0.0
2022-01-23 09:40:00,0.0,624.39463,0.0,0.0
2022-01-23 09:50:00,0.0,800.43823,0.0,0.0
2022-01-23 10:00:00,0.0,819.8246700000001,0.0,0.0
2022-01-23 10:10:00,0.0,602.48688,0.0,0.0
2022-01-23 10:20:00,0.0,774.0473999999999,0.0,0.0
2022-01-23 10:30:00,0.0,816.7142699999999,0.0,0.0
2022-01-23 10:40:00,0.0,736.1261999999999,0.0,0.0
2022-01-23 10:50:00,0.0,768.55658,0.0,0.0
2022-01-23 11:00:00,0.0,786.97531,0.0,0.0
2022-01-23 11:10:00,0.0,626.17207,0.0,0.0
2022-01-23 11:20:00,0.0,857.2742,0.0,0.0
2022-01-23 11:30:00,0.0,845.9400099999999,0.0,0.0
2022-01-23 11:40:00,0.0,868.79857,0.0,0.0
2022-01-23 11:50:00,0.0,634.10333,0.0,0.0
2022-01-23 12:00:00,0.0,843.20663,0.0,0.0
2022-01-23 12:10:00,0.0,763.55897,0.0,0.0
2022-01-23 12:20:00,0.0,867.1122,0.0,0.0
2022-01-23 12:30:00,0.0,703.07294,0.0,0.0
2022-01-23 12:40:00,0.0,891.03846,0.0,0.0
2022-01-23 12:50:00,0.0,664.45747,0.0,0.0
2022-01-23 13:00:00,0.0,773.63852,0.0,0.0
2022-01-23 13:10:00,0.0,871.5643399999999,0.0,0.0
2022-01-23 13:20:00,0.0,908.008836,0.0,0.0
2022-01-23 13:30:00,0.0,671.20597,0.0,0.0
2022-01-23 13:40:00,0.0,853.68855,0.0,0.0
2022-01-23 13:50:00,0.0,883.41673,0.0,0.0
2022-01-23 14:00:00,0.0,847.4014,0.0,0.0
2022-01-23 14:10:00,0.0,741.45877,0.0,0.0
2022-01-23 14:20:00,0.0,906.63014,0.0,0.0
2022-01-23 14:30:00,0.0,839.76348,0.0,0.0
2022-01-23 14:40:00,0.0,657.31677,0.0,0.0
2022-01-23 14:50:00,0.0,936.124414,0.0,0.0
2022-01-23 15:00:00,0.0,928.92979,0.0,0.0
2022-01-23 15:10:00,0.0,862.38879,0.0,0.0
2022-01-23 15:20:00,0.0,723.8669,0.0,0.0
2022-01-23 15:30:00,0.0,765.59074,0.0,0.0
2022-01-23 15:40:00,0.0,902.40596,0.0,0.0
2022-01-23 15:50:00,0.0,871.116,0.0,0.0
2022-01-23 16:00:00,0.0,814.1255699999999,0.0,0.0
2022-01-23 16:10:00,0.0,882.344924,0.0,0.0
2022-01-23 16:20:00,0.0,941.532206,0.0,0.0
2022-01-23 16:30:00,0.0,831.31303,0.0,0.0
2022-01-23 16:40:00,0.0,911.26376,0.0,0.0
2022-01-23 16:50:00,0.0,920.957394,0.0,0.0
2022-01-23 17:00:00,0.0,819.8916199999999,0.0,0.0
2022-01-23 17:10:00,0.0,758.43494,0.0,0.0
2022-01-23 17:20:00,0.0,905.790865,0.0,0.0
2022-01-23 17:30:00,0.0,887.8290800000001,0.0,0.0
2022-01-23 17:40:00,0.0,867.21224,0.0,0.0
2022-01-23 17:50:00,0.0,892.63122,0.0,0.0
2022-01-23 18:00:00,0.0,955.134194,0.0,0.0
2022-01-23 18:10:00,0.0,835.7462099999999,0.0,0.0
2022-01-23 18:20:00,0.0,843.10128,0.0,0.0
2022-01-23 18:30:00,0.0,871.71325,0.0,0.0
2022-01-23 18:40:00,0.0,910.09076,0.0,0.0
2022-01-23 18:50:00,0.0,821.97277,0.0,0.0
2022-01-23 19:00:00,0.0,962.986935,0.0,0.0
2022-01-23 19:10:00,0.0,778.05786,0.0,0.0
2022-01-23 19:20:00,0.0,867.51544,0.0,0.0
2022-01-23 19:30:00,0.0,897.21486,0.0,0.0
2022-01-23 19:40:00,0.0,944.83012,0.0,0.0
2022-01-23 19:50:00,0.0,888.794996,0.0,0.0
2022-01-23 20:00:00,0.0,682.7325799999999,0.0,0.0
2022-01-23 20:10:00,0.0,943.378795,0.0,0.0
2022-01-23 20:20:00,0.0,824.2541,0.0,0.0
2022-01-23 20:30:00,0.0,856.4509300000001,0.0,0.0
2022-01-23 20:40:00,0.0,932.37958,0.0,0.0
2022-01-23 20:50:00,0.0,860.57581,0.0,0.0
2022-01-23 21:00:00,0.0,911.097094,0.0,0.0
2022-01-23 21:10:00,0.0,849.55071,0.0,0.0
2022-01-23 21:20:00,0.0,815.3547,0.0,0.0
2022-01-23 21:30:00,0.0,842.26537,0.0,0.0
2022-01-23 21:40:00,0.0,561.60268,0.0,0.0
2022-01-23 21:50:00,0.0,288.6841,0.0,0.0
2022-01-23 22:00:00,0.0,581.89064,0.0,0.0
2022-01-23 22:10:00,0.0,384.0383000000001,0.0,0.0
2022-01-23 22:20:00,0.0,256.05060000000003,0.0,0.0
2022-01-23 22:30:00,0.0,369.83365,0.0,0.0
2022-01-23 22:40:00,0.0,231.4959,0.0,0.0
2022-01-23 22:50:00,0.0,563.84858,0.0,0.0
2022-01-23 23:00:00,0.0,343.7863,0.0,0.0
2022-01-23 23:10:00,0.0,609.4723600000001,0.0,0.0
2022-01-23 23:20:00,0.0,855.66062,0.0,0.0
2022-01-23 23:30:00,0.0,695.9355199999999,0.0,0.0
2022-01-23 23:40:00,0.0,865.4244,0.0,0.0
2022-01-23 23:50:00,0.0,903.84182,0.0,0.0
2022-01-24 00:00:00,0.0,899.2229699999999,0.0,0.0
2022-01-24 00:10:00,0.0,867.8104,0.0,0.0
2022-01-24 00:20:00,0.0,812.6742399999999,0.0,0.0
2022-01-24 00:30:00,0.0,743.7482799999999,0.0,0.0
2022-01-24 00:40:00,0.0,803.5253,0.0,0.0
2022-01-24 00:50:00,0.0,714.1249,0.0,0.0
2022-01-24 01:00:00,0.0,774.13046,0.0,0.0
2022-01-24 01:10:00,0.0,765.0007800000001,0.0,0.0
2022-01-24 01:20:00,0.0,674.62796,0.0,0.0
2022-01-24 01:30:00,0.0,807.67828,0.0,0.0
2022-01-24 01:40:00,0.0,792.38498,0.0,0.0
2022-01-24 01:50:00,0.0,904.70128,0.0,0.0
2022-01-24 02:00:00,0.0,626.3063500000001,0.0,0.0
2022-01-24 02:10:00,0.0,802.66733,0.0,0.0
2022-01-24 02:20:00,0.0,816.8397699999999,0.0,0.0
2022-01-24 02:30:00,0.0,782.3039600000001,0.0,0.0
2022-01-24 02:40:00,0.0,807.59375,0.0,0.0
2022-01-24 02:50:00,0.0,863.77846,0.0,0.0
2022-01-24 03:00:00,0.0,884.16872,0.0,0.0
2022-01-24 03:10:00,0.0,912.14857,0.0,0.0
2022-01-24 03:20:00,0.0,700.23265,0.0,0.0
2022-01-24 03:30:00,0.0,883.26427,0.0,0.0
2022-01-24 03:40:00,0.0,802.57161,0.0,0.0
2022-01-24 03:50:00,0.0,915.51967,0.0,0.0
2022-01-24 04:00:00,0.0,566.51315,0.0,0.0
2022-01-24 04:10:00,0.0,902.14569,0.0,0.0
2022-01-24 04:20:00,0.0,816.49974,0.0,0.0
2022-01-24 04:30:00,0.0,858.34916,0.0,0.0
2022-01-24 04:40:00,0.0,827.6975,0.0,0.0
2022-01-24 04:50:00,0.0,840.83442,0.0,0.0
2022-01-24 05:00:00,0.0,517.92502,0.0,0.0
2022-01-24 05:10:00,0.0,848.5793500000001,0.0,0.0
2022-01-24 05:20:00,0.0,877.43048,0.0,0.0
2022-01-24 05:30:00,0.0,775.55092,0.0,0.0
2022-01-24 05:40:00,0.0,859.5789000000001,0.0,0.0
2022-01-24 05:50:00,0.0,881.6871699999999,0.0,0.0
2022-01-24 06:00:00,0.0,444.78154,0.0,0.0
2022-01-24 06:10:00,0.0,870.4562,0.0,0.0
2022-01-24 06:20:00,0.0,762.75334,0.0,0.0
2022-01-24 06:30:00,0.0,809.62263,0.0,0.0
2022-01-24 06:40:00,0.0,695.77315,0.0,0.0
2022-01-24 06:50:00,0.0,724.7739,0.0,0.0
2022-01-24 07:00:00,0.0,24.708869999999997,0.0,0.0
2022-01-24 07:10:00,0.0,816.03979,0.0,0.0
2022-01-24 07:20:00,0.0,516.00298,0.0,0.0
2022-01-24 07:30:00,0.0,456.43955000000005,0.0,0.0
2022-01-24 07:40:00,0.0,431.4638,0.0,0.0
2022-01-24 07:50:00,0.0,326.7205,0.0,0.0
2022-01-24 08:00:00,0.0,746.9562599999999,0.0,0.0
2022-01-24 08:10:00,0.0,758.15783,0.0,0.0
2022-01-24 08:20:00,0.0,607.1265,0.0,0.0
2022-01-24 08:30:00,0.0,804.5378,0.0,0.0
2022-01-24 08:40:00,0.0,805.48717,0.0,0.0
2022-01-24 08:50:00,0.0,847.38249,0.0,0.0
2022-01-24 09:00:00,0.0,650.32318,0.0,0.0
2022-01-24 09:10:00,0.0,747.95452,0.0,0.0
2022-01-24 09:20:00,0.0,748.34543,0.0,0.0
2022-01-24 09:30:00,0.0,758.39278,0.0,0.0
2022-01-24 09:40:00,0.0,718.67713,0.0,0.0
2022-01-24 09:50:00,0.0,508.5577,0.0,0.0
2022-01-24 10:00:00,0.0,783.18746,0.0,0.0
2022-01-24 10:10:00,0.0,698.02612,0.0,0.0
2022-01-24 10:20:00,0.0,692.794,0.0,0.0
2022-01-24 10:30:00,0.0,227.31875999999997,0.0,0.0
2022-01-24 10:40:00,0.0,705.04695,0.0,0.0
2022-01-24 10:50:00,0.0,619.073,0.0,0.0
2022-01-24 11:00:00,0.0,718.5789,0.0,0.0
2022-01-24 11:10:00,0.0,808.7663,0.0,0.0
2022-01-24 11:20:00,0.0,584.1929,0.0,0.0
2022-01-24 11:30:00,0.0,629.36634,0.0,0.0
2022-01-24 11:40:00,0.0,617.79827,0.0,0.0
2022-01-24 11:50:00,0.0,751.36782,0.0,0.0
2022-01-24 12:00:00,0.0,834.9692200000001,0.0,0.0
2022-01-24 12:10:00,0.0,750.13654,0.0,0.0
2022-01-24 12:20:00,0.0,783.69409,0.0,0.0
2022-01-24 12:30:00,0.0,770.741,0.0,0.0
2022-01-24 12:40:00,0.0,824.5405900000001,0.0,0.0
2022-01-24 12:50:00,0.0,754.46604,0.0,0.0
2022-01-24 13:00:00,0.0,690.79226,0.0,0.0
2022-01-24 13:10:00,0.0,807.5828700000001,0.0,0.0
2022-01-24 13:20:00,0.0,826.0963399999999,0.0,0.0
2022-01-24 13:30:00,0.0,819.64439,0.0,0.0
2022-01-24 13:40:00,0.0,807.3175299999999,0.0,0.0
2022-01-24 13:50:00,0.0,787.71839,0.0,0.0
2022-01-24 14:00:00,0.0,682.06578,0.0,0.0
2022-01-24 14:10:00,0.0,205.97370000000004,0.0,0.0
2022-01-24 14:20:00,0.0,587.63552,0.0,0.0
2022-01-24 14:30:00,0.0,680.9636999999999,0.0,0.0
2022-01-24 14:40:00,0.0,824.2116900000001,0.0,0.0
2022-01-24 14:50:00,0.0,664.20346,0.0,0.0
2022-01-24 15:00:00,0.0,852.29157,0.0,0.0
2022-01-24 15:10:00,0.0,595.00962,0.0,0.0
2022-01-24 15:20:00,0.0,640.3376199999999,0.0,0.0
2022-01-24 15:30:00,0.0,779.97932,0.0,0.0
2022-01-24 15:40:00,0.0,739.79715,0.0,0.0
2022-01-24 15:50:00,0.0,723.964,0.0,0.0
2022-01-24 16:00:00,0.0,751.4196,0.0,0.0
2022-01-24 16:10:00,0.0,785.80315,0.0,0.0
2022-01-24 16:20:00,0.0,786.13405,0.0,0.0
2022-01-24 16:30:00,0.0,748.0087,0.0,0.0
2022-01-24 16:40:00,0.0,738.5151999999999,0.0,0.0
2022-01-24 16:50:00,0.0,756.06996,0.0,0.0
2022-01-24 17:00:00,0.0,801.49136,0.0,0.0
2022-01-24 17:10:00,0.0,757.95056,0.0,0.0
2022-01-24 17:20:00,0.0,807.34655,0.0,0.0
2022-01-24 17:30:00,0.0,631.66752,0.0,0.0
2022-01-24 17:40:00,0.0,787.6469500000001,0.0,0.0
2022-01-24 17:50:00,0.0,839.36417,0.0,0.0
2022-01-24 18:00:00,0.0,697.5981300000001,0.0,0.0
2022-01-24 18:10:00,0.0,580.76185,0.0,0.0
2022-01-24 18:20:00,0.0,307.2836,0.0,0.0
2022-01-24 18:30:00,0.0,729.382,0.0,0.0
2022-01-24 18:40:00,0.0,710.61015,0.0,0.0
2022-01-24 18:50:00,0.0,537.1211000000001,0.0,0.0
2022-01-24 19:00:00,0.0,708.88734,0.0,0.0
2022-01-24 19:10:00,0.0,809.43818,0.0,0.0
2022-01-24 19:20:00,0.0,824.84402,0.0,0.0
2022-01-24 19:30:00,0.0,859.2461000000001,0.0,0.0
2022-01-24 19:40:00,0.0,758.46043,0.0,0.0
2022-01-24 19:50:00,0.0,865.55539,0.0,0.0
2022-01-24 20:00:00,0.0,715.1003499999999,0.0,0.0
2022-01-24 20:10:00,0.0,587.77192,0.0,0.0
2022-01-24 20:20:00,0.0,701.8154999999999,0.0,0.0
2022-01-24 20:30:00,0.0,735.3636,0.0,0.0
2022-01-24 20:40:00,0.0,744.9745800000001,0.0,0.0
2022-01-24 20:50:00,0.0,818.2920499999999,0.0,0.0
2022-01-24 21:00:00,0.0,743.28297,0.0,0.0
2022-01-24 21:10:00,0.0,850.26526,0.0,0.0
2022-01-24 21:20:00,0.0,887.8920449999999,0.0,0.0
2022-01-24 21:30:00,0.0,796.82612,0.0,0.0
2022-01-24 21:40:00,0.0,760.5547,0.0,0.0
2022-01-24 21:50:00,0.0,818.39062,0.0,0.0
2022-01-24 22:00:00,0.0,817.2923,0.0,0.0
2022-01-24 22:10:00,0.0,366.57524,0.0,0.0
2022-01-24 22:20:00,0.0,221.43840000000003,0.0,0.0
2022-01-24 22:30:00,0.0,698.58995,0.0,0.0
2022-01-24 22:40:00,0.0,933.06504,0.0,0.0
2022-01-24 22:50:00,0.0,824.79389,0.0,0.0
2022-01-24 23:00:00,0.0,829.0341999999999,0.0,0.0
2022-01-24 23:10:00,0.0,805.58509,0.0,0.0
2022-01-24 23:20:00,0.0,162.5054,0.0,0.0
2022-01-24 23:30:00,0.0,493.8201,0.0,0.0
2022-01-24 23:40:00,0.0,280.2501,0.0,0.0
2022-01-24 23:50:00,0.0,369.38655,0.0,0.0
2022-01-25 00:00:00,0.0,240.65566000000004,0.0,0.0
2022-01-25 00:10:00,0.0,282.01750000000004,0.0,0.0
2022-01-25 00:20:00,0.0,314.1768,0.0,0.0
2022-01-25 00:30:00,0.0,296.518,0.0,0.0
2022-01-25 00:40:00,0.0,580.35803,0.0,0.0
2022-01-25 00:50:00,0.0,308.3342999999999,0.0,0.0
2022-01-25 01:00:00,0.0,750.73978,0.0,0.0
2022-01-25 01:10:00,0.0,851.78505,0.0,0.0
2022-01-25 01:20:00,0.0,847.48192,0.0,0.0
2022-01-25 01:30:00,0.0,732.25528,0.0,0.0
2022-01-25 01:40:00,0.0,816.15986,0.0,0.0
2022-01-25 01:50:00,0.0,858.10004,0.0,0.0
2022-01-25 02:00:00,0.0,837.18154,0.0,0.0
2022-01-25 02:10:00,0.0,746.1476,0.0,0.0
2022-01-25 02:20:00,0.0,700.6349299999999,0.0,0.0
2022-01-25 02:30:00,0.0,794.9466699999999,0.0,0.0
2022-01-25 02:40:00,0.0,765.03563,0.0,0.0
2022-01-25 02:50:00,0.0,702.3723699999999,0.0,0.0
2022-01-25 03:00:00,0.0,849.3998,0.0,0.0
2022-01-25 03:10:00,0.0,768.95458,0.0,0.0
2022-01-25 03:20:00,0.0,613.37966,0.0,0.0
2022-01-25 03:30:00,0.0,763.79329,0.0,0.0
2022-01-25 03:40:00,0.0,685.4849800000001,0.0,0.0
2022-01-25 03:50:00,0.0,844.9020499999999,0.0,0.0
2022-01-25 04:00:00,0.0,827.91246,0.0,0.0
2022-01-25 04:10:00,0.0,803.8953799999999,0.0,0.0
2022-01-25 04:20:00,0.0,882.1082700000001,0.0,0.0
2022-01-25 04:30:00,0.0,907.07453,0.0,0.0
2022-01-25 04:40:00,0.0,737.219,0.0,0.0
2022-01-25 04:50:00,0.0,310.20254,0.0,0.0
2022-01-25 05:00:00,0.0,878.63419,0.0,0.0
2022-01-25 05:10:00,0.0,716.8985299999999,0.0,0.0
2022-01-25 05:20:00,0.0,800.9274800000001,0.0,0.0
2022-01-25 05:30:00,0.0,733.0766600000001,0.0,0.0
2022-01-25 05:40:00,0.0,912.36932,0.0,0.0
2022-01-25 05:50:00,0.0,915.2798,0.0,0.0
2022-01-25 06:00:00,0.0,0.0,0.0,0.0
2022-01-25 06:10:00,0.0,904.4468,0.0,0.0
2022-01-25 06:20:00,0.0,862.01309,0.0,0.0
2022-01-25 06:30:00,0.0,704.8247000000001,0.0,0.0
2022-01-25 06:40:00,0.0,691.48478,0.0,0.0
2022-01-25 06:50:00,0.0,586.22697,0.0,0.0
2022-01-25 07:00:00,0.0,778.88723,0.0,0.0
2022-01-25 07:10:00,0.0,787.1823,0.0,0.0
2022-01-25 07:20:00,0.0,655.3373,0.0,0.0
2022-01-25 07:30:00,0.0,310.7585,0.0,0.0
2022-01-25 07:40:00,0.0,506.14598,0.0,0.0
2022-01-25 07:50:00,0.0,671.4164300000001,0.0,0.0
2022-01-25 08:00:00,0.0,760.30177,0.0,0.0
2022-01-25 08:10:00,0.0,705.61725,0.0,0.0
2022-01-25 08:20:00,0.0,859.72966,0.0,0.0
2022-01-25 08:30:00,0.0,823.76844,0.0,0.0
2022-01-25 08:40:00,0.0,722.3994,0.0,0.0
2022-01-25 08:50:00,0.0,778.15981,0.0,0.0
2022-01-25 09:00:00,0.0,483.57284,0.0,0.0
2022-01-25 09:10:00,0.0,704.97504,0.0,0.0
2022-01-25 09:20:00,0.0,748.0539699999999,0.0,0.0
2022-01-25 09:30:00,0.0,737.26508,0.0,0.0
2022-01-25 09:40:00,0.0,801.4733600000001,0.0,0.0
2022-01-25 09:50:00,0.0,896.381795,0.0,0.0
2022-01-25 10:00:00,0.0,701.57322,0.0,0.0
2022-01-25 10:10:00,0.0,650.2208,0.0,0.0
2022-01-25 10:20:00,0.0,515.6150500000001,0.0,0.0
2022-01-25 10:30:00,0.0,727.45103,0.0,0.0
2022-01-25 10:40:00,0.0,768.30629,0.0,0.0
2022-01-25 10:50:00,0.0,469.4779,0.0,0.0
2022-01-25 11:00:00,0.0,520.5199,0.0,0.0
2022-01-25 11:10:00,0.0,552.4760799999999,0.0,0.0
2022-01-25 11:20:00,0.0,756.0039800000001,0.0,0.0
2022-01-25 11:30:00,0.0,589.2109300000001,0.0,0.0
2022-01-25 11:40:00,0.0,0.0,0.0,0.0
2022-01-25 11:50:00,0.0,670.27494,0.0,0.0
2022-01-25 12:00:00,0.0,672.88476,0.0,0.0
2022-01-25 12:10:00,0.0,630.46154,0.0,0.0
2022-01-25 12:20:00,0.0,436.39445,0.0,0.0
2022-01-25 12:30:00,0.0,594.81737,0.0,0.0
2022-01-25 12:40:00,0.0,681.25978,0.0,0.0
2022-01-25 12:50:00,0.0,545.09348,0.0,0.0
2022-01-25 13:00:00,0.0,663.7685,0.0,0.0
2022-01-25 13:10:00,0.0,762.4797199999999,0.0,0.0
2022-01-25 13:20:00,0.0,661.95282,0.0,0.0
2022-01-25 13:30:00,0.0,579.78156,0.0,0.0
2022-01-25 13:40:00,0.0,668.7340399999999,0.0,0.0
2022-01-25 13:50:00,0.0,710.77907,0.0,0.0
2022-01-25 14:00:00,0.0,611.17914,0.0,0.0
2022-01-25 14:10:00,0.0,745.70152,0.0,0.0
2022-01-25 14:20:00,0.0,829.0011400000001,0.0,0.0
2022-01-25 14:30:00,0.0,694.9246,0.0,0.0
2022-01-25 14:40:00,0.0,532.56083,0.0,0.0
2022-01-25 14:50:00,0.0,701.7142000000001,0.0,0.0
2022-01-25 15:00:00,0.0,739.30666,0.0,0.0
2022-01-25 15:10:00,0.0,757.13268,0.0,0.0
2022-01-25 15:20:00,0.0,694.55418,0.0,0.0
2022-01-25 15:30:00,0.0,765.08501,0.0,0.0
2022-01-25 15:40:00,0.0,865.25708,0.0,0.0
2022-01-25 15:50:00,0.0,468.65773,0.0,0.0
2022-01-25 16:00:00,0.0,692.624,0.0,0.0
2022-01-25 16:10:00,0.0,769.6577,0.0,0.0
2022-01-25 16:20:00,0.0,673.83292,0.0,0.0
2022-01-25 16:30:00,0.0,618.7491,0.0,0.0
2022-01-25 16:40:00,0.0,173.26695000000004,0.0,0.0
2022-01-25 16:50:00,0.0,8.046899999999969,0.0,0.0
2022-01-25 17:00:00,0.0,630.31277,0.0,0.0
2022-01-25 17:10:00,0.0,713.89782,0.0,0.0
2022-01-25 17:20:00,0.0,845.92573,0.0,0.0
2022-01-25 17:30:00,0.0,765.29449,0.0,0.0
2022-01-25 17:40:00,0.0,657.4684,0.0,0.0
2022-01-25 17:50:00,0.0,791.67052,0.0,0.0
2022-01-25 18:00:00,0.0,816.07218,0.0,0.0
2022-01-25 18:10:00,0.0,618.1884699999999,0.0,0.0
2022-01-25 18:20:00,0.0,824.41077,0.0,0.0
2022-01-25 18:30:00,0.0,544.8776799999999,0.0,0.0
2022-01-25 18:40:00,0.0,707.4548000000001,0.0,0.0
2022-01-25 18:50:00,0.0,840.49861,0.0,0.0
2022-01-25 19:00:00,0.0,659.7179799999999,0.0,0.0
2022-01-25 19:10:00,0.0,716.49367,0.0,0.0
2022-01-25 19:20:00,0.0,720.59274,0.0,0.0
2022-01-25 19:30:00,0.0,780.75977,0.0,0.0
2022-01-25 19:40:00,0.0,735.01417,0.0,0.0
2022-01-25 19:50:00,0.0,620.37957,0.0,0.0
2022-01-25 20:00:00,0.0,790.4151400000001,0.0,0.0
2022-01-25 20:10:00,0.0,789.2746999999999,0.0,0.0
2022-01-25 20:20:00,0.0,549.16465,0.0,0.0
2022-01-25 20:30:00,0.0,0.0,0.0,0.0
2022-01-25 20:40:00,0.0,676.9906299999999,0.0,0.0
2022-01-25 20:50:00,0.0,889.76945,0.0,0.0
2022-01-25 21:00:00,0.0,835.1215,0.0,0.0
2022-01-25 21:10:00,0.0,809.47529,0.0,0.0
2022-01-25 21:20:00,0.0,392.1814,0.0,0.0
2022-01-25 21:30:00,0.0,593.6239999999999,0.0,0.0
2022-01-25 21:40:00,0.0,820.42028,0.0,0.0
2022-01-25 21:50:00,0.0,533.3210200000001,0.0,0.0
2022-01-25 22:00:00,0.0,0.0,0.0,0.0
2022-01-25 22:10:00,0.0,240.19474,0.0,0.0
2022-01-25 22:20:00,0.0,235.0498,0.0,0.0
2022-01-25 22:30:00,0.0,0.0,0.0,0.0
2022-01-25 22:40:00,0.0,423.5655,0.0,0.0
2022-01-25 22:50:00,0.0,770.01135,0.0,0.0
2022-01-25 23:00:00,0.0,847.5251999999999,0.0,0.0
2022-01-25 23:10:00,0.0,527.09463,0.0,0.0
2022-01-25 23:20:00,0.0,862.58768,0.0,0.0
2022-01-25 23:30:00,0.0,823.83893,0.0,0.0
2022-01-25 23:40:00,0.0,820.30804,0.0,0.0
2022-01-25 23:50:00,0.0,812.77251,0.0,0.0
2022-01-26 00:00:00,0.0,789.75737,0.0,0.0
2022-01-26 00:10:00,0.0,763.2241200000001,0.0,0.0
2022-01-26 00:20:00,0.0,725.7179,0.0,0.0
2022-01-26 00:30:00,0.0,724.406,0.0,0.0
2022-01-26 00:40:00,0.0,588.767,0.0,0.0
2022-01-26 00:50:00,0.0,740.56134,0.0,0.0
2022-01-26 01:00:00,0.0,781.6205600000001,0.0,0.0
2022-01-26 01:10:00,0.0,669.5880000000001,0.0,0.0
2022-01-26 01:20:00,0.0,757.06856,0.0,0.0
2022-01-26 01:30:00,0.0,744.9997999999999,0.0,0.0
2022-01-26 01:40:00,0.0,690.78752,0.0,0.0
2022-01-26 01:50:00,0.0,890.34308,0.0,0.0
2022-01-26 02:00:00,0.0,856.20564,0.0,0.0
2022-01-26 02:10:00,0.0,890.1523099999999,0.0,0.0
2022-01-26 02:20:00,0.0,909.897715,0.0,0.0
2022-01-26 02:30:00,0.0,909.660615,0.0,0.0
2022-01-26 02:40:00,0.0,879.306115,0.0,0.0
2022-01-26 02:50:00,0.0,887.72792,0.0,0.0
2022-01-26 03:00:00,0.0,850.6106599999999,0.0,0.0
2022-01-26 03:10:00,0.0,862.85433,0.0,0.0
2022-01-26 03:20:00,0.0,730.12128,0.0,0.0
2022-01-26 03:30:00,0.0,759.44637,0.0,0.0
2022-01-26 03:40:00,0.0,922.033526,0.0,0.0
2022-01-26 03:50:00,0.0,837.80758,0.0,0.0
2022-01-26 04:00:00,0.0,788.3857800000001,0.0,0.0
2022-01-26 04:10:00,0.0,822.14224,0.0,0.0
2022-01-26 04:20:00,0.0,848.7826299999999,0.0,0.0
2022-01-26 04:30:00,0.0,883.312136,0.0,0.0
2022-01-26 04:40:00,0.0,461.2449,0.0,0.0
2022-01-26 04:50:00,0.0,564.61665,0.0,0.0
2022-01-26 05:00:00,0.0,628.3757999999999,0.0,0.0
2022-01-26 05:10:00,0.0,712.4920999999999,0.0,0.0
2022-01-26 05:20:00,0.0,817.35574,0.0,0.0
2022-01-26 05:30:00,0.0,785.27787,0.0,0.0
2022-01-26 05:40:00,0.0,715.8416199999999,0.0,0.0
2022-01-26 05:50:00,0.0,914.13941,0.0,0.0
2022-01-26 06:00:00,0.0,687.8411,0.0,0.0
2022-01-26 06:10:00,0.0,857.52088,0.0,0.0
2022-01-26 06:20:00,0.0,769.04163,0.0,0.0
2022-01-26 06:30:00,0.0,646.2386300000001,0.0,0.0
2022-01-26 06:40:00,0.0,562.3549800000001,0.0,0.0
2022-01-26 06:50:00,0.0,523.47118,0.0,0.0
2022-01-26 07:00:00,0.0,589.6928,0.0,0.0
2022-01-26 07:10:00,0.0,711.05376,0.0,0.0
2022-01-26 07:20:00,0.0,804.62566,0.0,0.0
2022-01-26 07:30:00,0.0,242.07480000000004,0.0,0.0
2022-01-26 07:40:00,0.0,478.1244,0.0,0.0
2022-01-26 07:50:00,0.0,606.0363,0.0,0.0
2022-01-26 08:00:00,0.0,806.93561,0.0,0.0
2022-01-26 08:10:00,0.0,647.44595,0.0,0.0
2022-01-26 08:20:00,0.0,439.26734,0.0,0.0
2022-01-26 08:30:00,0.0,730.21096,0.0,0.0
2022-01-26 08:40:00,0.0,765.35349,0.0,0.0
2022-01-26 08:50:00,0.0,783.2991300000001,0.0,0.0
2022-01-26 09:00:00,0.0,683.14123,0.0,0.0
2022-01-26 09:10:00,0.0,670.5883,0.0,0.0
2022-01-26 09:20:00,0.0,736.0706299999999,0.0,0.0
2022-01-26 09:30:00,0.0,649.71495,0.0,0.0
2022-01-26 09:40:00,0.0,704.48464,0.0,0.0
2022-01-26 09:50:00,0.0,630.6054300000001,0.0,0.0
2022-01-26 10:00:00,0.0,701.39518,0.0,0.0
2022-01-26 10:10:00,0.0,730.03176,0.0,0.0
2022-01-26 10:20:00,0.0,458.7954,0.0,0.0
2022-01-26 10:30:00,0.0,706.04435,0.0,0.0
2022-01-26 10:40:00,0.0,762.41273,0.0,0.0
2022-01-26 10:50:00,0.0,519.63526,0.0,0.0
2022-01-26 11:00:00,0.0,724.23965,0.0,0.0
2022-01-26 11:10:00,0.0,709.42035,0.0,0.0
2022-01-26 11:20:00,0.0,627.4103200000001,0.0,0.0
2022-01-26 11:30:00,0.0,610.976,0.0,0.0
2022-01-26 11:40:00,0.0,733.86717,0.0,0.0
2022-01-26 11:50:00,0.0,778.78606,0.0,0.0
2022-01-26 12:00:00,0.0,746.6226499999999,0.0,0.0
2022-01-26 12:10:00,0.0,759.13721,0.0,0.0
2022-01-26 12:20:00,0.0,613.7747,0.0,0.0
2022-01-26 12:30:00,0.0,370.161,0.0,0.0
2022-01-26 12:40:00,0.0,357.9966,0.0,0.0
2022-01-26 12:50:00,0.0,243.74324,0.0,0.0
2022-01-26 13:00:00,0.0,629.7187799999999,0.0,0.0
2022-01-26 13:10:00,0.0,711.72446,0.0,0.0
2022-01-26 13:20:00,0.0,760.9683299999999,0.0,0.0
2022-01-26 13:30:00,0.0,579.85297,0.0,0.0
2022-01-26 13:40:00,0.0,745.21622,0.0,0.0
2022-01-26 13:50:00,0.0,805.96241,0.0,0.0
2022-01-26 14:00:00,0.0,757.4086199999999,0.0,0.0
2022-01-26 14:10:00,0.0,799.20362,0.0,0.0
2022-01-26 14:20:00,0.0,710.9376000000001,0.0,0.0
2022-01-26 14:30:00,0.0,698.6791800000001,0.0,0.0
2022-01-26 14:40:00,0.0,741.06938,0.0,0.0
2022-01-26 14:50:00,0.0,515.86208,0.0,0.0
2022-01-26 15:00:00,0.0,658.62098,0.0,0.0
2022-01-26 15:10:00,0.0,741.1577,0.0,0.0
2022-01-26 15:20:00,0.0,742.46353,0.0,0.0
2022-01-26 15:30:00,0.0,606.15993,0.0,0.0
2022-01-26 15:40:00,0.0,797.8171699999999,0.0,0.0
2022-01-26 15:50:00,0.0,656.42416,0.0,0.0
2022-01-26 16:00:00,0.0,819.73016,0.0,0.0
2022-01-26 16:10:00,0.0,690.3017,0.0,0.0
2022-01-26 16:20:00,0.0,540.64402,0.0,0.0
2022-01-26 16:30:00,0.0,767.9712,0.0,0.0
2022-01-26 16:40:00,0.0,793.81324,0.0,0.0
2022-01-26 16:50:00,0.0,532.50244,0.0,0.0
2022-01-26 17:00:00,0.0,690.7274400000001,0.0,0.0
2022-01-26 17:10:00,0.0,774.12686,0.0,0.0
2022-01-26 17:20:00,0.0,812.24407,0.0,0.0
2022-01-26 17:30:00,0.0,838.50792,0.0,0.0
2022-01-26 17:40:00,0.0,750.61196,0.0,0.0
2022-01-26 17:50:00,0.0,768.73972,0.0,0.0
2022-01-26 18:00:00,0.0,826.42412,0.0,0.0
2022-01-26 18:10:00,0.0,659.0330600000001,0.0,0.0
2022-01-26 18:20:00,0.0,641.6550599999999,0.0,0.0
2022-01-26 18:30:00,0.0,893.4231599999999,0.0,0.0
2022-01-26 18:40:00,0.0,926.72588,0.0,0.0
2022-01-26 18:50:00,0.0,563.87588,0.0,0.0
2022-01-26 19:00:00,0.0,785.79716,0.0,0.0
2022-01-26 19:10:00,0.0,852.4065899999999,0.0,0.0
2022-01-26 19:20:00,0.0,711.9274399999999,0.0,0.0
2022-01-26 19:30:00,0.0,832.437,0.0,0.0
2022-01-26 19:40:00,0.0,242.8106,0.0,0.0
2022-01-26 19:50:00,0.0,866.86535,0.0,0.0
2022-01-26 20:00:00,0.0,271.5602,0.0,0.0
2022-01-26 20:10:00,0.0,199.4815,0.0,0.0
2022-01-26 20:20:00,0.0,0.0,0.0,0.0
2022-01-26 20:30:00,0.0,823.83838,0.0,0.0
2022-01-26 20:40:00,0.0,20.090700000000016,0.0,0.0
2022-01-26 20:50:00,0.0,30.50052999999997,0.0,0.0
2022-01-26 21:00:00,0.0,387.19636,0.0,0.0
2022-01-26 21:10:00,0.0,119.48360000000002,0.0,0.0
2022-01-26 21:20:00,0.0,212.44717000000003,0.0,0.0
2022-01-26 21:30:00,0.0,489.8645,0.0,0.0
2022-01-26 21:40:00,0.0,865.32539,0.0,0.0
2022-01-26 21:50:00,0.0,767.79918,0.0,0.0
2022-01-26 22:00:00,0.0,793.90256,0.0,0.0
2022-01-26 22:10:00,0.0,830.98541,0.0,0.0
2022-01-26 22:20:00,0.0,753.69626,0.0,0.0
2022-01-26 22:30:00,0.0,777.084,0.0,0.0
2022-01-26 22:40:00,0.0,882.0107,0.0,0.0
2022-01-26 22:50:00,0.0,812.09204,0.0,0.0
2022-01-26 23:00:00,0.0,853.86361,0.0,0.0
2022-01-26 23:10:00,0.0,844.17352,0.0,0.0
2022-01-26 23:20:00,0.0,839.55902,0.0,0.0
2022-01-26 23:30:00,0.0,808.0161999999999,0.0,0.0
2022-01-26 23:40:00,0.0,752.9893800000001,0.0,0.0
2022-01-26 23:50:00,0.0,752.87926,0.0,0.0
2022-01-27 00:00:00,0.0,750.37363,0.0,0.0
2022-01-27 00:10:00,0.0,747.4541999999999,0.0,0.0
2022-01-27 00:20:00,0.0,461.08,0.0,0.0
2022-01-27 00:30:00,0.0,668.82184,0.0,0.0
2022-01-27 00:40:00,0.0,795.11425,0.0,0.0
2022-01-27 00:50:00,0.0,800.2729899999999,0.0,0.0
2022-01-27 01:00:00,0.0,803.34711,0.0,0.0
2022-01-27 01:10:00,0.0,836.8109999999999,0.0,0.0
2022-01-27 01:20:00,0.0,761.28773,0.0,0.0
2022-01-27 01:30:00,0.0,745.55576,0.0,0.0
2022-01-27 01:40:00,0.0,800.61135,0.0,0.0
2022-01-27 01:50:00,0.0,898.30504,0.0,0.0
2022-01-27 02:00:00,0.0,865.6631100000001,0.0,0.0
2022-01-27 02:10:00,0.0,886.826165,0.0,0.0
2022-01-27 02:20:00,0.0,855.76378,0.0,0.0
2022-01-27 02:30:00,0.0,878.8011,0.0,0.0
2022-01-27 02:40:00,0.0,921.73697,0.0,0.0
2022-01-27 02:50:00,0.0,894.75905,0.0,0.0
2022-01-27 03:00:00,0.0,893.25439,0.0,0.0
2022-01-27 03:10:00,0.0,894.61773,0.0,0.0
2022-01-27 03:20:00,0.0,809.5645000000001,0.0,0.0
2022-01-27 03:30:00,0.0,723.7813799999999,0.0,0.0
2022-01-27 03:40:00,0.0,910.65783,0.0,0.0
2022-01-27 03:50:00,0.0,924.068585,0.0,0.0
2022-01-27 04:00:00,0.0,783.3171,0.0,0.0
2022-01-27 04:10:00,0.0,819.4684100000001,0.0,0.0
2022-01-27 04:20:00,0.0,785.69026,0.0,0.0
2022-01-27 04:30:00,0.0,673.8394,0.0,0.0
2022-01-27 04:40:00,0.0,832.77078,0.0,0.0
2022-01-27 04:50:00,0.0,360.38095,0.0,0.0
2022-01-27 05:00:00,0.0,738.51338,0.0,0.0
2022-01-27 05:10:00,0.0,696.57546,0.0,0.0
2022-01-27 05:20:00,0.0,857.9763,0.0,0.0
2022-01-27 05:30:00,0.0,169.09490000000005,0.0,0.0
2022-01-27 05:40:00,0.0,869.27755,0.0,0.0
2022-01-27 05:50:00,0.0,499.5317500000001,0.0,0.0
2022-01-27 06:00:00,0.0,783.3374,0.0,0.0
2022-01-27 06:10:00,0.0,705.48776,0.0,0.0
2022-01-27 06:20:00,0.0,840.4852999999999,0.0,0.0
2022-01-27 06:30:00,0.0,471.5484,0.0,0.0
2022-01-27 06:40:00,0.0,863.97937,0.0,0.0
2022-01-27 06:50:00,0.0,454.9465,0.0,0.0
2022-01-27 07:00:00,0.0,730.0719300000001,0.0,0.0
2022-01-27 07:10:00,0.0,694.5418400000001,0.0,0.0
2022-01-27 07:20:00,0.0,816.8838499999999,0.0,0.0
2022-01-27 07:30:00,0.0,572.1032299999999,0.0,0.0
2022-01-27 07:40:00,0.0,257.27809999999994,0.0,0.0
2022-01-27 07:50:00,0.0,690.45675,0.0,0.0
2022-01-27 08:00:00,0.0,718.788,0.0,0.0
2022-01-27 08:10:00,0.0,474.17563,0.0,0.0
2022-01-27 08:20:00,0.0,718.1405400000001,0.0,0.0
2022-01-27 08:30:00,0.0,814.7094500000001,0.0,0.0
2022-01-27 08:40:00,0.0,789.1314,0.0,0.0
2022-01-27 08:50:00,0.0,737.88,0.0,0.0
2022-01-27 09:00:00,0.0,661.08042,0.0,0.0
2022-01-27 09:10:00,0.0,789.61304,0.0,0.0
2022-01-27 09:20:00,0.0,849.50861,0.0,0.0
2022-01-27 09:30:00,0.0,712.41444,0.0,0.0
2022-01-27 09:40:00,0.0,664.16863,0.0,0.0
2022-01-27 09:50:00,0.0,507.29960000000005,0.0,0.0
2022-01-27 10:00:00,0.0,731.64043,0.0,0.0
2022-01-27 10:10:00,0.0,728.6193999999999,0.0,0.0
2022-01-27 10:20:00,0.0,757.7627,0.0,0.0
2022-01-27 10:30:00,0.0,525.9395,0.0,0.0
2022-01-27 10:40:00,0.0,782.78673,0.0,0.0
2022-01-27 10:50:00,0.0,730.725,0.0,0.0
2022-01-27 11:00:00,0.0,677.3609,0.0,0.0
2022-01-27 11:10:00,0.0,684.5956,0.0,0.0
2022-01-27 11:20:00,0.0,822.77878,0.0,0.0
2022-01-27 11:30:00,0.0,768.6503799999999,0.0,0.0
2022-01-27 11:40:00,0.0,714.1315999999999,0.0,0.0
2022-01-27 11:50:00,0.0,780.1236700000001,0.0,0.0
2022-01-27 12:00:00,0.0,856.23516,0.0,0.0
2022-01-27 12:10:00,0.0,558.29626,0.0,0.0
2022-01-27 12:20:00,0.0,649.17222,0.0,0.0
2022-01-27 12:30:00,0.0,369.90136,0.0,0.0
2022-01-27 12:40:00,0.0,669.19142,0.0,0.0
2022-01-27 12:50:00,0.0,752.81434,0.0,0.0
2022-01-27 13:00:00,0.0,815.79557,0.0,0.0
2022-01-27 13:10:00,0.0,742.73607,0.0,0.0
2022-01-27 13:20:00,0.0,759.6661300000001,0.0,0.0
2022-01-27 13:30:00,0.0,799.51206,0.0,0.0
2022-01-27 13:40:00,0.0,809.45745,0.0,0.0
2022-01-27 13:50:00,0.0,731.40186,0.0,0.0
2022-01-27 14:00:00,0.0,617.0213799999999,0.0,0.0
2022-01-27 14:10:00,0.0,612.12832,0.0,0.0
2022-01-27 14:20:00,0.0,222.23526000000004,0.0,0.0
2022-01-27 14:30:00,0.0,39.60770000000002,0.0,0.0
2022-01-27 14:40:00,0.0,0.0,0.0,0.0
2022-01-27 14:50:00,0.0,609.84895,0.0,0.0
2022-01-27 15:00:00,0.0,595.83002,0.0,0.0
2022-01-27 15:10:00,0.0,395.8682,0.0,0.0
2022-01-27 15:20:00,0.0,782.11565,0.0,0.0
2022-01-27 15:30:00,0.0,756.5258,0.0,0.0
2022-01-27 15:40:00,0.0,67.04204999999996,0.0,0.0
2022-01-27 15:50:00,0.0,766.8304999999999,0.0,0.0
2022-01-27 16:00:00,0.0,787.4421600000001,0.0,0.0
2022-01-27 16:10:00,0.0,620.8055999999999,0.0,0.0
2022-01-27 16:20:00,0.0,672.11246,0.0,0.0
2022-01-27 16:30:00,0.0,541.9050000000001,0.0,0.0
2022-01-27 16:40:00,0.0,787.38536,0.0,0.0
2022-01-27 16:50:00,0.0,871.00406,0.0,0.0
2022-01-27 17:00:00,0.0,732.30916,0.0,0.0
2022-01-27 17:10:00,0.0,734.4363000000001,0.0,0.0
2022-01-27 17:20:00,0.0,778.9401,0.0,0.0
2022-01-27 17:30:00,0.0,841.1037,0.0,0.0
2022-01-27 17:40:00,0.0,825.2388699999999,0.0,0.0
2022-01-27 17:50:00,0.0,847.6004,0.0,0.0
2022-01-27 18:00:00,0.0,877.6708100000001,0.0,0.0
2022-01-27 18:10:00,0.0,823.1914300000001,0.0,0.0
2022-01-27 18:20:00,0.0,839.15395,0.0,0.0
2022-01-27 18:30:00,0.0,695.1981000000001,0.0,0.0
2022-01-27 18:40:00,0.0,582.76916,0.0,0.0
2022-01-27 18:50:00,0.0,0.0,0.0,0.0
2022-01-27 19:00:00,0.0,835.6781199999999,0.0,0.0
2022-01-27 19:10:00,0.0,560.04575,0.0,0.0
2022-01-27 19:20:00,0.0,0.0,0.0,0.0
2022-01-27 19:30:00,0.0,520.48987,0.0,0.0
2022-01-27 19:40:00,0.0,221.53199999999995,0.0,0.0
2022-01-27 19:50:00,0.0,283.71124999999995,0.0,0.0
2022-01-27 20:00:00,0.0,852.33764,0.0,0.0
2022-01-27 20:10:00,0.0,83.03550000000004,0.0,0.0
2022-01-27 20:20:00,0.0,773.47195,0.0,0.0
2022-01-27 20:30:00,0.0,728.2191499999999,0.0,0.0
2022-01-27 20:40:00,0.0,721.5601,0.0,0.0
2022-01-27 20:50:00,0.0,765.56315,0.0,0.0
2022-01-27 21:00:00,0.0,738.97937,0.0,0.0
2022-01-27 21:10:00,0.0,749.1350199999999,0.0,0.0
2022-01-27 21:20:00,0.0,901.96076,0.0,0.0
2022-01-27 21:30:00,0.0,791.20952,0.0,0.0
2022-01-27 21:40:00,0.0,656.5791999999999,0.0,0.0
2022-01-27 21:50:00,0.0,917.515226,0.0,0.0
2022-01-27 22:00:00,0.0,918.33992,0.0,0.0
2022-01-27 22:10:00,0.0,732.6069,0.0,0.0
2022-01-27 22:20:00,0.0,767.41946,0.0,0.0
2022-01-27 22:30:00,0.0,821.0996200000001,0.0,0.0
2022-01-27 22:40:00,0.0,898.8274200000001,0.0,0.0
2022-01-27 22:50:00,0.0,881.418936,0.0,0.0
2022-01-27 23:00:00,0.0,777.29219,0.0,0.0
2022-01-27 23:10:00,0.0,655.7654399999999,0.0,0.0
2022-01-27 23:20:00,0.0,902.44701,0.0,0.0
2022-01-27 23:30:00,0.0,781.51666,0.0,0.0
2022-01-27 23:40:00,0.0,902.77669,0.0,0.0
2022-01-27 23:50:00,0.0,729.4820799999999,0.0,0.0
2022-01-28 00:00:00,0.0,882.20374,0.0,0.0
2022-01-28 00:10:00,0.0,858.7459600000001,0.0,0.0
2022-01-28 00:20:00,0.0,771.31715,0.0,0.0
2022-01-28 00:30:00,0.0,780.04345,0.0,0.0
2022-01-28 00:40:00,0.0,881.53699,0.0,0.0
2022-01-28 00:50:00,0.0,904.20999,0.0,0.0
2022-01-28 01:00:00,0.0,863.52453,0.0,0.0
2022-01-28 01:10:00,0.0,847.9197899999999,0.0,0.0
2022-01-28 01:20:00,0.0,745.71124,0.0,0.0
2022-01-28 01:30:00,0.0,897.290625,0.0,0.0
2022-01-28 01:40:00,0.0,845.33134,0.0,0.0
2022-01-28 01:50:00,0.0,868.06805,0.0,0.0
2022-01-28 02:00:00,0.0,859.40367,0.0,0.0
2022-01-28 02:10:00,0.0,936.27555,0.0,0.0
2022-01-28 02:20:00,0.0,845.71679,0.0,0.0
2022-01-28 02:30:00,0.0,902.24261,0.0,0.0
2022-01-28 02:40:00,0.0,959.162295,0.0,0.0
2022-01-28 02:50:00,0.0,927.267075,0.0,0.0
2022-01-28 03:00:00,0.0,850.85513,0.0,0.0
2022-01-28 03:10:00,0.0,851.9935800000001,0.0,0.0
2022-01-28 03:20:00,0.0,878.6055150000001,0.0,0.0
2022-01-28 03:30:00,0.0,771.4358100000001,0.0,0.0
2022-01-28 03:40:00,0.0,923.61901,0.0,0.0
2022-01-28 03:50:00,0.0,841.53919,0.0,0.0
2022-01-28 04:00:00,0.0,869.82676,0.0,0.0
2022-01-28 04:10:00,0.0,739.35372,0.0,0.0
2022-01-28 04:20:00,0.0,926.437154,0.0,0.0
2022-01-28 04:30:00,0.0,651.0026799999999,0.0,0.0
2022-01-28 04:40:00,0.0,837.17044,0.0,0.0
2022-01-28 04:50:00,0.0,596.7913599999999,0.0,0.0
2022-01-28 05:00:00,0.0,749.5012999999999,0.0,0.0
2022-01-28 05:10:00,0.0,691.9376,0.0,0.0
2022-01-28 05:20:00,0.0,827.0113799999999,0.0,0.0
2022-01-28 05:30:00,0.0,833.80885,0.0,0.0
2022-01-28 05:40:00,0.0,611.93094,0.0,0.0
2022-01-28 05:50:00,0.0,922.50781,0.0,0.0
2022-01-28 06:00:00,0.0,697.8263000000001,0.0,0.0
2022-01-28 06:10:00,0.0,884.8264700000001,0.0,0.0
2022-01-28 06:20:00,0.0,775.29152,0.0,0.0
2022-01-28 06:30:00,0.0,706.80234,0.0,0.0
2022-01-28 06:40:00,0.0,740.6021000000001,0.0,0.0
2022-01-28 06:50:00,0.0,663.26213,0.0,0.0
2022-01-28 07:00:00,0.0,808.9609,0.0,0.0
2022-01-28 07:10:00,0.0,786.0475,0.0,0.0
2022-01-28 07:20:00,0.0,738.60475,0.0,0.0
2022-01-28 07:30:00,0.0,334.9599,0.0,0.0
2022-01-28 07:40:00,0.0,482.38844,0.0,0.0
2022-01-28 07:50:00,0.0,426.5118,0.0,0.0
2022-01-28 08:00:00,0.0,743.23082,0.0,0.0
2022-01-28 08:10:00,0.0,755.6704100000001,0.0,0.0
2022-01-28 08:20:00,0.0,847.42953,0.0,0.0
2022-01-28 08:30:00,0.0,591.80254,0.0,0.0
2022-01-28 08:40:00,0.0,636.40743,0.0,0.0
2022-01-28 08:50:00,0.0,743.68683,0.0,0.0
2022-01-28 09:00:00,0.0,751.0146799999999,0.0,0.0
2022-01-28 09:10:00,0.0,678.5544,0.0,0.0
2022-01-28 09:20:00,0.0,736.28685,0.0,0.0
2022-01-28 09:30:00,8.318203703703704,736.1443999999999,8.318203703703704,8.318203703703704
2022-01-28 09:40:00,1.9520949074074028,530.8177499999999,1.9520949074074028,1.9520949074074028
2022-01-28 09:50:00,56.89933518518518,808.03788,56.89933518518518,56.89933518518518
2022-01-28 10:00:00,70.45390833333332,791.6361400000001,70.45390833333332,70.45390833333332
2022-01-28 10:10:00,58.69498333333336,601.05988,58.69498333333336,58.69498333333336
2022-01-28 10:20:00,97.10495740740744,780.0943599999999,97.10495740740744,97.10495740740744
2022-01-28 10:30:00,114.26200138888886,815.70241,114.26200138888886,114.26200138888886
2022-01-28 10:40:00,117.77376435185184,763.54177,117.77376435185184,117.77376435185184
2022-01-28 10:50:00,107.74228703703704,627.4298,107.74228703703704,107.74228703703704
2022-01-28 11:00:00,145.06563101851853,847.08321,145.06563101851853,116.79846435185183
2022-01-28 11:10:00,136.29479675925927,797.83987,136.29479675925927,136.29479675925927
2022-01-28 11:20:00,0.0,130.5442,0.0,0.0
2022-01-28 11:30:00,36.96425185185185,682.52128,36.96425185185185,36.96425185185185
2022-01-28 11:40:00,24.409365740740743,817.7981,24.409365740740743,24.409365740740743
2022-01-28 11:50:00,34.840237962962966,683.61238,34.840237962962966,34.840237962962966
2022-01-28 12:00:00,74.48972222222223,647.8539999999999,74.48972222222223,67.49134768518518
2022-01-28 12:10:00,124.01654027777776,824.23909,124.01654027777776,124.01654027777776
2022-01-28 12:20:00,169.26119074074074,862.5152400000001,169.26119074074074,169.26119074074074
2022-01-28 12:30:00,102.62192592592596,497.6752,102.62192592592596,102.62192592592596
2022-01-28 12:40:00,95.39027314814815,668.9673,95.39027314814815,95.39027314814815
2022-01-28 12:50:00,20.798860648148143,826.60513,20.798860648148143,20.798860648148143
2022-01-28 13:00:00,34.14362777777777,865.83412,34.14362777777777,34.14362777777777
2022-01-28 13:10:00,21.07230648148149,826.93394,21.07230648148149,3.767581481481443
2022-01-28 13:20:00,0.0,600.43237,0.0,0.0
2022-01-28 13:30:00,32.86310370370371,840.00368,32.86310370370371,32.86310370370371
2022-01-28 13:40:00,30.134669444444448,887.01762,30.134669444444448,30.134669444444448
2022-01-28 13:50:00,0.0,609.6648,0.0,0.0
2022-01-28 14:00:00,42.664807407407416,860.90928,42.664807407407416,42.664807407407416
2022-01-28 14:10:00,57.98698518518519,855.51696,57.98698518518519,57.98698518518519
2022-01-28 14:20:00,58.87838888888889,708.6044,58.87838888888889,58.87838888888889
2022-01-28 14:30:00,77.57082407407407,859.0806,77.57082407407407,77.47204537037035
2022-01-28 14:40:00,24.23854074074075,327.32016,24.23854074074075,24.23854074074075
2022-01-28 14:50:00,30.589060648148177,431.07057,30.589060648148177,75.76145925925925
2022-01-28 15:00:00,31.501609259259247,505.99292,31.501609259259247,50.0
2022-01-28 15:10:00,0.0,308.62314000000003,0.0,0.0
2022-01-28 15:20:00,0.0,293.0697,0.0,0.0
2022-01-28 15:30:00,0.0,378.25227,0.0,0.0
2022-01-28 15:40:00,0.0,295.69954,0.0,0.0
2022-01-28 15:50:00,0.0,230.812,0.0,0.0
2022-01-28 16:00:00,0.0,898.693964,0.0,0.0
2022-01-28 16:10:00,0.0,711.10025,0.0,0.0
2022-01-28 16:20:00,0.0,831.21648,0.0,0.0
2022-01-28 16:30:00,0.0,819.0300000000001,0.0,0.0
2022-01-28 16:40:00,0.0,800.2715300000001,0.0,0.0
2022-01-28 16:50:00,0.0,734.61947,0.0,0.0
2022-01-28 17:00:00,0.0,645.77168,0.0,0.0
2022-01-28 17:10:00,0.0,817.2592199999999,0.0,0.0
2022-01-28 17:20:00,0.0,858.1717199999999,0.0,0.0
2022-01-28 17:30:00,0.0,861.21233,0.0,0.0
2022-01-28 17:40:00,0.0,678.8003,0.0,0.0
2022-01-28 17:50:00,0.0,902.20725,0.0,0.0
2022-01-28 18:00:00,0.0,773.0908,0.0,0.0
2022-01-28 18:10:00,0.0,702.04285,0.0,0.0
2022-01-28 18:20:00,0.0,749.66234,0.0,0.0
2022-01-28 18:30:00,0.0,823.73315,0.0,0.0
2022-01-28 18:40:00,0.0,766.1281799999999,0.0,0.0
2022-01-28 18:50:00,0.0,491.9585,0.0,0.0
2022-01-28 19:00:00,0.0,688.46914,0.0,0.0
2022-01-28 19:10:00,0.0,623.5664800000001,0.0,0.0
2022-01-28 19:20:00,0.0,556.3528799999999,0.0,0.0
2022-01-28 19:30:00,0.0,164.45505999999995,0.0,0.0
2022-01-28 19:40:00,0.0,196.0851,0.0,0.0
2022-01-28 19:50:00,0.0,543.43385,0.0,0.0
2022-01-28 20:00:00,0.0,621.68545,0.0,0.0
2022-01-28 20:10:00,0.0,824.20209,0.0,0.0
2022-01-28 20:20:00,0.0,831.91969,0.0,0.0
2022-01-28 20:30:00,0.0,731.77388,0.0,0.0
2022-01-28 20:40:00,0.0,785.8033,0.0,0.0
2022-01-28 20:50:00,0.0,727.7425499999999,0.0,0.0
2022-01-28 21:00:00,0.0,895.1479300000001,0.0,0.0
2022-01-28 21:10:00,0.0,676.38868,0.0,0.0
2022-01-28 21:20:00,0.0,732.9076,0.0,0.0
2022-01-28 21:30:00,0.0,821.4115800000001,0.0,0.0
2022-01-28 21:40:00,0.0,869.1823599999999,0.0,0.0
2022-01-28 21:50:00,0.0,945.730492,0.0,0.0
2022-01-28 22:00:00,0.0,746.26222,0.0,0.0
2022-01-28 22:10:00,0.0,760.2414600000001,0.0,0.0
2022-01-28 22:20:00,0.0,798.63828,0.0,0.0
2022-01-28 22:30:00,0.0,765.8399499999999,0.0,0.0
2022-01-28 22:40:00,0.0,892.256044,0.0,0.0
2022-01-28 22:50:00,0.0,844.31212,0.0,0.0
2022-01-28 23:00:00,0.0,829.88001,0.0,0.0
2022-01-28 23:10:00,0.0,770.12344,0.0,0.0
2022-01-28 23:20:00,0.0,896.285705,0.0,0.0
2022-01-28 23:30:00,0.0,813.26513,0.0,0.0
2022-01-28 23:40:00,0.0,908.17088,0.0,0.0
2022-01-28 23:50:00,0.0,890.5864799999999,0.0,0.0
2022-01-29 00:00:00,0.0,854.0447,0.0,0.0
2022-01-29 00:10:00,0.0,822.01974,0.0,0.0
2022-01-29 00:20:00,0.0,756.87611,0.0,0.0
2022-01-29 00:30:00,0.0,831.7058,0.0,0.0
2022-01-29 00:40:00,0.0,773.06955,0.0,0.0
2022-01-29 00:50:00,0.0,924.314395,0.0,0.0
2022-01-29 01:00:00,0.0,862.5870199999999,0.0,0.0
2022-01-29 01:10:00,0.0,897.20385,0.0,0.0
2022-01-29 01:20:00,0.0,768.9275600000001,0.0,0.0
2022-01-29 01:30:00,0.0,901.583575,0.0,0.0
2022-01-29 01:40:00,0.0,882.818475,0.0,0.0
2022-01-29 01:50:00,0.0,823.67477,0.0,0.0
2022-01-29 02:00:00,0.0,877.1029599999999,0.0,0.0
2022-01-29 02:10:00,0.0,912.59936,0.0,0.0
2022-01-29 02:20:00,0.0,870.7732,0.0,0.0
2022-01-29 02:30:00,0.0,911.66298,0.0,0.0
2022-01-29 02:40:00,0.0,947.62299,0.0,0.0
2022-01-29 02:50:00,0.0,948.55564,0.0,0.0
2022-01-29 03:00:00,0.0,899.780154,0.0,0.0
2022-01-29 03:10:00,0.0,930.734254,0.0,0.0
2022-01-29 03:20:00,0.0,762.63984,0.0,0.0
2022-01-29 03:30:00,0.0,823.7878199999999,0.0,0.0
2022-01-29 03:40:00,0.0,919.053696,0.0,0.0
2022-01-29 03:50:00,0.0,902.53208,0.0,0.0
2022-01-29 04:00:00,0.0,862.61027,0.0,0.0
2022-01-29 04:10:00,0.0,820.1622,0.0,0.0
2022-01-29 04:20:00,0.0,890.7271850000001,0.0,0.0
2022-01-29 04:30:00,0.0,543.6467,0.0,0.0
2022-01-29 04:40:00,0.0,672.76603,0.0,0.0
2022-01-29 04:50:00,0.0,532.1647499999999,0.0,0.0
2022-01-29 05:00:00,0.0,798.31998,0.0,0.0
2022-01-29 05:10:00,0.0,833.37277,0.0,0.0
2022-01-29 05:20:00,0.0,765.93763,0.0,0.0
2022-01-29 05:30:00,0.0,793.57703,0.0,0.0
2022-01-29 05:40:00,0.0,930.911325,0.0,0.0
2022-01-29 05:50:00,0.0,838.90763,0.0,0.0
2022-01-29 06:00:00,0.0,567.6333599999999,0.0,0.0
2022-01-29 06:10:00,0.0,891.75561,0.0,0.0
2022-01-29 06:20:00,0.0,685.75484,0.0,0.0
2022-01-29 06:30:00,0.0,586.7515,0.0,0.0
2022-01-29 06:40:00,0.0,766.77728,0.0,0.0
2022-01-29 06:50:00,0.0,493.5077,0.0,0.0
2022-01-29 07:00:00,0.0,820.66736,0.0,0.0
2022-01-29 07:10:00,0.0,847.8369100000001,0.0,0.0
2022-01-29 07:20:00,0.0,678.2791299999999,0.0,0.0
2022-01-29 07:30:00,0.0,583.21738,0.0,0.0
2022-01-29 07:40:00,0.0,444.0086,0.0,0.0
2022-01-29 07:50:00,0.0,726.4851299999999,0.0,0.0
2022-01-29 08:00:00,0.0,813.1718999999999,0.0,0.0
2022-01-29 08:10:00,0.0,750.03281,0.0,0.0
2022-01-29 08:20:00,0.0,846.95967,0.0,0.0
2022-01-29 08:30:00,0.0,799.4177599999999,0.0,0.0
2022-01-29 08:40:00,0.0,830.95254,0.0,0.0
2022-01-29 08:50:00,0.0,879.58522,0.0,0.0
2022-01-29 09:00:00,0.0,437.0725,0.0,0.0
2022-01-29 09:10:00,0.0,766.87406,0.0,0.0
2022-01-29 09:20:00,0.0,846.10623,0.0,0.0
2022-01-29 09:30:00,0.0,796.78956,0.0,0.0
2022-01-29 09:40:00,0.0,448.2724,0.0,0.0
2022-01-29 09:50:00,0.0,870.45872,0.0,0.0
2022-01-29 10:00:00,0.0,852.80944,0.0,0.0
2022-01-29 10:10:00,0.0,828.48194,0.0,0.0
2022-01-29 10:20:00,0.0,876.36873,0.0,0.0
2022-01-29 10:30:00,0.0,757.9481999999999,0.0,0.0
2022-01-29 10:40:00,0.0,906.810105,0.0,0.0
2022-01-29 10:50:00,0.0,833.72517,0.0,0.0
2022-01-29 11:00:00,0.0,811.89829,0.0,0.0
2022-01-29 11:10:00,0.0,720.85002,0.0,0.0
2022-01-29 11:20:00,0.0,890.28305,0.0,0.0
2022-01-29 11:30:00,0.0,783.05066,0.0,0.0
2022-01-29 11:40:00,0.0,841.4389799999999,0.0,0.0
2022-01-29 11:50:00,0.0,813.96729,0.0,0.0
2022-01-29 12:00:00,0.0,852.28044,0.0,0.0
2022-01-29 12:10:00,0.0,621.0184,0.0,0.0
2022-01-29 12:20:00,0.0,878.52299,0.0,0.0
2022-01-29 12:30:00,0.0,834.60762,0.0,0.0
2022-01-29 12:40:00,0.0,727.12857,0.0,0.0
2022-01-29 12:50:00,0.0,908.10663,0.0,0.0
2022-01-29 13:00:00,0.0,884.1074199999999,0.0,0.0
2022-01-29 13:10:00,0.0,778.7268899999999,0.0,0.0
2022-01-29 13:20:00,0.0,911.374114,0.0,0.0
2022-01-29 13:30:00,0.0,890.53454,0.0,0.0
2022-01-29 13:40:00,0.0,717.26033,0.0,0.0
2022-01-29 13:50:00,0.0,785.79365,0.0,0.0
2022-01-29 14:00:00,0.0,874.8732,0.0,0.0
2022-01-29 14:10:00,0.0,848.0898299999999,0.0,0.0
2022-01-29 14:20:00,0.0,804.55208,0.0,0.0
2022-01-29 14:30:00,0.0,856.84203,0.0,0.0
2022-01-29 14:40:00,0.0,811.08843,0.0,0.0
2022-01-29 14:50:00,0.0,876.2446299999999,0.0,0.0
2022-01-29 15:00:00,0.0,810.0594100000001,0.0,0.0
2022-01-29 15:10:00,0.0,668.5896499999999,0.0,0.0
2022-01-29 15:20:00,0.0,725.6858,0.0,0.0
2022-01-29 15:30:00,0.0,879.2193900000001,0.0,0.0
2022-01-29 15:40:00,0.0,791.29882,0.0,0.0
2022-01-29 15:50:00,0.0,846.09696,0.0,0.0
2022-01-29 16:00:00,0.0,756.6693600000001,0.0,0.0
2022-01-29 16:10:00,0.0,850.95878,0.0,0.0
2022-01-29 16:20:00,0.0,848.68515,0.0,0.0
2022-01-29 16:30:00,0.0,660.3467499999999,0.0,0.0
2022-01-29 16:40:00,0.0,907.78318,0.0,0.0
2022-01-29 16:50:00,0.0,816.50501,0.0,0.0
2022-01-29 17:00:00,0.0,827.02385,0.0,0.0
2022-01-29 17:10:00,0.0,860.36655,0.0,0.0
2022-01-29 17:20:00,0.0,867.94636,0.0,0.0
2022-01-29 17:30:00,0.0,549.3411,0.0,0.0
2022-01-29 17:40:00,0.0,882.5527,0.0,0.0
2022-01-29 17:50:00,0.0,846.65388,0.0,0.0
2022-01-29 18:00:00,0.0,896.46409,0.0,0.0
2022-01-29 18:10:00,0.0,766.9802599999999,0.0,0.0
2022-01-29 18:20:00,0.0,938.77666,0.0,0.0
2022-01-29 18:30:00,0.0,668.3323,0.0,0.0
2022-01-29 18:40:00,0.0,887.56673,0.0,0.0
2022-01-29 18:50:00,0.0,864.0638700000001,0.0,0.0
2022-01-29 19:00:00,0.0,896.4132300000001,0.0,0.0
2022-01-29 19:10:00,0.0,704.90494,0.0,0.0
2022-01-29 19:20:00,0.0,595.16472,0.0,0.0
2022-01-29 19:30:00,0.0,842.4304900000001,0.0,0.0
2022-01-29 19:40:00,0.0,816.95198,0.0,0.0
2022-01-29 19:50:00,0.0,825.35383,0.0,0.0
2022-01-29 20:00:00,0.0,483.833,0.0,0.0
2022-01-29 20:10:00,0.0,894.84523,0.0,0.0
2022-01-29 20:20:00,0.0,605.8418800000001,0.0,0.0
2022-01-29 20:30:00,0.0,851.49966,0.0,0.0
2022-01-29 20:40:00,0.0,938.538108,0.0,0.0
2022-01-29 20:50:00,0.0,821.84038,0.0,0.0
2022-01-29 21:00:00,0.0,937.9751,0.0,0.0
2022-01-29 21:10:00,0.0,869.55227,0.0,0.0
2022-01-29 21:20:00,0.0,678.2898299999999,0.0,0.0
2022-01-29 21:30:00,0.0,898.25402,0.0,0.0
2022-01-29 21:40:00,0.0,334.51379999999995,0.0,0.0
2022-01-29 21:50:00,0.0,170.4272,0.0,0.0
2022-01-29 22:00:00,0.0,748.4343600000001,0.0,0.0
2022-01-29 22:10:00,0.0,717.3539,0.0,0.0
2022-01-29 22:20:00,0.0,768.6372299999999,0.0,0.0
2022-01-29 22:30:00,0.0,878.66185,0.0,0.0
2022-01-29 22:40:00,0.0,768.1409299999999,0.0,0.0
2022-01-29 22:50:00,0.0,748.4531400000001,0.0,0.0
2022-01-29 23:00:00,0.0,840.3449199999999,0.0,0.0
2022-01-29 23:10:00,0.0,884.10804,0.0,0.0
2022-01-29 23:20:00,0.0,892.809235,0.0,0.0
2022-01-29 23:30:00,0.0,821.19286,0.0,0.0
2022-01-29 23:40:00,0.0,681.03364,0.0,0.0
2022-01-29 23:50:00,0.0,900.755994,0.0,0.0
2022-01-30 00:00:00,0.0,950.627927,0.0,0.0
2022-01-30 00:10:00,0.0,804.59483,0.0,0.0
2022-01-30 00:20:00,0.0,760.13546,0.0,0.0
2022-01-30 00:30:00,0.0,822.57321,0.0,0.0
2022-01-30 00:40:00,0.0,793.19896,0.0,0.0
2022-01-30 00:50:00,0.0,876.91736,0.0,0.0
2022-01-30 01:00:00,0.0,838.23378,0.0,0.0
2022-01-30 01:10:00,0.0,788.13086,0.0,0.0
2022-01-30 01:20:00,0.0,822.25609,0.0,0.0
2022-01-30 01:30:00,0.0,646.9226800000001,0.0,0.0
2022-01-30 01:40:00,0.0,868.32811,0.0,0.0
2022-01-30 01:50:00,0.0,870.27219,0.0,0.0
2022-01-30 02:00:00,0.0,840.98005,0.0,0.0
2022-01-30 02:10:00,0.0,876.63081,0.0,0.0
2022-01-30 02:20:00,0.0,858.4599,0.0,0.0
2022-01-30 02:30:00,0.0,886.0720699999999,0.0,0.0
2022-01-30 02:40:00,0.0,912.72762,0.0,0.0
2022-01-30 02:50:00,0.0,873.0633399999999,0.0,0.0
2022-01-30 03:00:00,0.0,868.93232,0.0,0.0
2022-01-30 03:10:00,0.0,820.00178,0.0,0.0
2022-01-30 03:20:00,0.0,814.9283700000001,0.0,0.0
2022-01-30 03:30:00,0.0,861.56668,0.0,0.0
2022-01-30 03:40:00,0.0,774.89027,0.0,0.0
2022-01-30 03:50:00,0.0,673.5006,0.0,0.0
2022-01-30 04:00:00,0.0,918.87007,0.0,0.0
2022-01-30 04:10:00,0.0,854.40297,0.0,0.0
2022-01-30 04:20:00,0.0,681.1330300000001,0.0,0.0
2022-01-30 04:30:00,0.0,898.904495,0.0,0.0
2022-01-30 04:40:00,0.0,839.9995,0.0,0.0
2022-01-30 04:50:00,0.0,424.7406,0.0,0.0
2022-01-30 05:00:00,0.0,863.53976,0.0,0.0
2022-01-30 05:10:00,0.0,778.11842,0.0,0.0
2022-01-30 05:20:00,0.0,882.64908,0.0,0.0
2022-01-30 05:30:00,0.0,638.42928,0.0,0.0
2022-01-30 05:40:00,0.0,838.33446,0.0,0.0
2022-01-30 05:50:00,0.0,704.93844,0.0,0.0
2022-01-30 06:00:00,0.0,912.768155,0.0,0.0
2022-01-30 06:10:00,0.0,714.39722,0.0,0.0
2022-01-30 06:20:00,0.0,804.92233,0.0,0.0
2022-01-30 06:30:00,0.0,710.9829,0.0,0.0
2022-01-30 06:40:00,0.0,880.2840600000001,0.0,0.0
2022-01-30 06:50:00,0.0,817.8695,0.0,0.0
2022-01-30 07:00:00,0.0,618.64766,0.0,0.0
2022-01-30 07:10:00,0.0,649.0646,0.0,0.0
2022-01-30 07:20:00,0.0,869.18606,0.0,0.0
2022-01-30 07:30:00,0.0,521.69555,0.0,0.0
2022-01-30 07:40:00,0.0,454.31410000000005,0.0,0.0
2022-01-30 07:50:00,0.0,493.79104,0.0,0.0
2022-01-30 08:00:00,0.0,785.31042,0.0,0.0
2022-01-30 08:10:00,0.0,780.8709899999999,0.0,0.0
2022-01-30 08:20:00,0.0,789.91656,0.0,0.0
2022-01-30 08:30:00,0.0,799.96403,0.0,0.0
2022-01-30 08:40:00,0.0,841.9781899999999,0.0,0.0
2022-01-30 08:50:00,0.0,820.53038,0.0,0.0
2022-01-30 09:00:00,0.0,821.8354999999999,0.0,0.0
2022-01-30 09:10:00,0.0,650.2998,0.0,0.0
2022-01-30 09:20:00,0.0,761.81886,0.0,0.0
2022-01-30 09:30:00,0.0,838.2306699999999,0.0,0.0
2022-01-30 09:40:00,0.0,718.29182,0.0,0.0
2022-01-30 09:50:00,0.0,879.28403,0.0,0.0
2022-01-30 10:00:00,0.0,831.82992,0.0,0.0
2022-01-30 10:10:00,0.0,728.93795,0.0,0.0
2022-01-30 10:20:00,0.0,857.0647700000001,0.0,0.0
2022-01-30 10:30:00,0.0,834.3203500000001,0.0,0.0
2022-01-30 10:40:00,0.0,840.2550799999999,0.0,0.0
2022-01-30 10:50:00,0.0,855.63941,0.0,0.0
2022-01-30 11:00:00,0.0,860.6702200000001,0.0,0.0
2022-01-30 11:10:00,0.0,795.8239,0.0,0.0
2022-01-30 11:20:00,0.0,778.96677,0.0,0.0
2022-01-30 11:30:00,0.0,895.63045,0.0,0.0
2022-01-30 11:40:00,0.0,858.4332,0.0,0.0
2022-01-30 11:50:00,0.0,697.3784599999999,0.0,0.0
2022-01-30 12:00:00,0.0,847.73196,0.0,0.0
2022-01-30 12:10:00,0.0,808.75738,0.0,0.0
2022-01-30 12:20:00,0.0,864.36641,0.0,0.0
2022-01-30 12:30:00,0.0,918.04152,0.0,0.0
2022-01-30 12:40:00,0.0,602.5939,0.0,0.0
2022-01-30 12:50:00,0.0,907.02573,0.0,0.0
2022-01-30 13:00:00,0.0,900.3444499999999,0.0,0.0
2022-01-30 13:10:00,0.0,896.6358749999999,0.0,0.0
2022-01-30 13:20:00,0.0,835.5748000000001,0.0,0.0
2022-01-30 13:30:00,0.0,804.98992,0.0,0.0
2022-01-30 13:40:00,0.0,897.12946,0.0,0.0
2022-01-30 13:50:00,0.0,877.81578,0.0,0.0
2022-01-30 14:00:00,0.0,867.6131700000001,0.0,0.0
2022-01-30 14:10:00,0.0,900.52967,0.0,0.0
2022-01-30 14:20:00,0.0,922.56534,0.0,0.0
2022-01-30 14:30:00,0.0,619.61564,0.0,0.0
2022-01-30 14:40:00,0.0,953.599915,0.0,0.0
2022-01-30 14:50:00,0.0,936.9409,0.0,0.0
2022-01-30 15:00:00,0.0,894.27111,0.0,0.0
2022-01-30 15:10:00,0.0,887.4841700000001,0.0,0.0
2022-01-30 15:20:00,0.0,856.12132,0.0,0.0
2022-01-30 15:30:00,0.0,764.64024,0.0,0.0
2022-01-30 15:40:00,0.0,545.1413,0.0,0.0
2022-01-30 15:50:00,0.0,299.203,0.0,0.0
2022-01-30 16:00:00,0.0,308.54553,0.0,0.0
2022-01-30 16:10:00,0.0,262.56144000000006,0.0,0.0
2022-01-30 16:20:00,0.0,253.31366,0.0,0.0
2022-01-30 16:30:00,0.0,242.28894999999997,0.0,0.0
2022-01-30 16:40:00,0.0,168.13743000000002,0.0,0.0
2022-01-30 16:50:00,0.0,168.94304999999997,0.0,0.0
2022-01-30 17:00:00,0.0,175.39346,0.0,0.0
2022-01-30 17:10:00,0.0,363.07555,0.0,0.0
2022-01-30 17:20:00,0.0,679.12188,0.0,0.0
2022-01-30 17:30:00,0.0,909.194425,0.0,0.0
2022-01-30 17:40:00,0.0,840.1869399999999,0.0,0.0
2022-01-30 17:50:00,0.0,859.72503,0.0,0.0
2022-01-30 18:00:00,0.0,888.626695,0.0,0.0
2022-01-30 18:10:00,0.0,789.99288,0.0,0.0
2022-01-30 18:20:00,0.0,818.62362,0.0,0.0
2022-01-30 18:30:00,0.0,877.64045,0.0,0.0
2022-01-30 18:40:00,0.0,889.118925,0.0,0.0
2022-01-30 18:50:00,0.0,836.26288,0.0,0.0
2022-01-30 19:00:00,0.0,834.7795,0.0,0.0
2022-01-30 19:10:00,0.0,791.41545,0.0,0.0
2022-01-30 19:20:00,0.0,870.4865,0.0,0.0
2022-01-30 19:30:00,0.0,791.3470599999999,0.0,0.0
2022-01-30 19:40:00,0.0,841.47784,0.0,0.0
2022-01-30 19:50:00,0.0,890.17832,0.0,0.0
2022-01-30 20:00:00,0.0,902.769096,0.0,0.0
2022-01-30 20:10:00,0.0,845.1247400000001,0.0,0.0
2022-01-30 20:20:00,0.0,872.08101,0.0,0.0
2022-01-30 20:30:00,0.0,776.19863,0.0,0.0
2022-01-30 20:40:00,0.0,885.06526,0.0,0.0
2022-01-30 20:50:00,0.0,824.41725,0.0,0.0
2022-01-30 21:00:00,0.0,922.81295,0.0,0.0
2022-01-30 21:10:00,0.0,921.11532,0.0,0.0
2022-01-30 21:20:00,0.0,862.6163799999999,0.0,0.0
2022-01-30 21:30:00,0.0,247.35355000000004,0.0,0.0
2022-01-30 21:40:00,0.0,86.23780000000004,0.0,0.0
2022-01-30 21:50:00,0.0,777.62362,0.0,0.0
2022-01-30 22:00:00,0.0,480.7954,0.0,0.0
2022-01-30 22:10:00,0.0,416.3829,0.0,0.0
2022-01-30 22:20:00,0.0,915.40167,0.0,0.0
2022-01-30 22:30:00,0.0,838.20465,0.0,0.0
2022-01-30 22:40:00,0.0,818.79789,0.0,0.0
2022-01-30 22:50:00,0.0,675.0133000000001,0.0,0.0
2022-01-30 23:00:00,0.0,925.23332,0.0,0.0
2022-01-30 23:10:00,0.0,876.68964,0.0,0.0
2022-01-30 23:20:00,0.0,900.87983,0.0,0.0
2022-01-30 23:30:00,0.0,751.8719600000001,0.0,0.0
2022-01-30 23:40:00,0.0,875.51004,0.0,0.0
2022-01-30 23:50:00,0.0,956.14347,0.0,0.0
2022-01-31 00:00:00,0.0,802.1116099999999,0.0,0.0
2022-01-31 00:10:00,0.0,821.02084,0.0,0.0
2022-01-31 00:20:00,0.0,860.20555,0.0,0.0
2022-01-31 00:30:00,0.0,833.6040399999999,0.0,0.0
2022-01-31 00:40:00,0.0,764.45036,0.0,0.0
2022-01-31 00:50:00,0.0,799.5062800000001,0.0,0.0
2022-01-31 01:00:00,0.0,804.34534,0.0,0.0
2022-01-31 01:10:00,0.0,698.5935999999999,0.0,0.0
2022-01-31 01:20:00,0.0,797.2159800000001,0.0,0.0
2022-01-31 01:30:00,0.0,872.7057,0.0,0.0
2022-01-31 01:40:00,0.0,878.29592,0.0,0.0
2022-01-31 01:50:00,0.0,882.3410200000001,0.0,0.0
2022-01-31 02:00:00,0.0,760.80307,0.0,0.0
2022-01-31 02:10:00,0.0,834.22723,0.0,0.0
2022-01-31 02:20:00,0.0,888.96016,0.0,0.0
2022-01-31 02:30:00,0.0,864.3739400000001,0.0,0.0
2022-01-31 02:40:00,0.0,922.68894,0.0,0.0
2022-01-31 02:50:00,0.0,939.99231,0.0,0.0
2022-01-31 03:00:00,0.0,916.304454,0.0,0.0
2022-01-31 03:10:00,0.0,887.18323,0.0,0.0
2022-01-31 03:20:00,0.0,884.665444,0.0,0.0
2022-01-31 03:30:00,0.0,905.58189,0.0,0.0
2022-01-31 03:40:00,0.0,842.3069599999999,0.0,0.0
2022-01-31 03:50:00,0.0,858.14232,0.0,0.0
2022-01-31 04:00:00,0.0,882.889636,0.0,0.0
2022-01-31 04:10:00,0.0,912.55331,0.0,0.0
2022-01-31 04:20:00,0.0,873.4643199999999,0.0,0.0
2022-01-31 04:30:00,0.0,890.8258500000001,0.0,0.0
2022-01-31 04:40:00,0.0,819.11808,0.0,0.0
2022-01-31 04:50:00,0.0,866.6068,0.0,0.0
2022-01-31 05:00:00,0.0,775.9576900000001,0.0,0.0
2022-01-31 05:10:00,0.0,855.1889500000001,0.0,0.0
2022-01-31 05:20:00,0.0,845.47523,0.0,0.0
2022-01-31 05:30:00,0.0,884.23559,0.0,0.0
2022-01-31 05:40:00,0.0,904.10702,0.0,0.0
2022-01-31 05:50:00,0.0,765.53985,0.0,0.0
2022-01-31 06:00:00,0.0,865.68359,0.0,0.0
2022-01-31 06:10:00,0.0,884.025104,0.0,0.0
2022-01-31 06:20:00,0.0,684.1972499999999,0.0,0.0
2022-01-31 06:30:00,0.0,931.7186,0.0,0.0
2022-01-31 06:40:00,0.0,719.3511,0.0,0.0
2022-01-31 06:50:00,0.0,701.78866,0.0,0.0
2022-01-31 07:00:00,0.0,764.11486,0.0,0.0
2022-01-31 07:10:00,0.0,803.87522,0.0,0.0
2022-01-31 07:20:00,0.0,740.0508,0.0,0.0
2022-01-31 07:30:00,0.0,0.0,0.0,0.0
2022-01-31 07:40:00,0.0,854.20616,0.0,0.0
2022-01-31 07:50:00,0.0,695.27662,0.0,0.0
2022-01-31 08:00:00,0.0,719.3541,0.0,0.0
2022-01-31 08:10:00,0.0,768.09421,0.0,0.0
2022-01-31 08:20:00,0.0,725.7945800000001,0.0,0.0
2022-01-31 08:30:00,0.0,813.17376,0.0,0.0
2022-01-31 08:40:00,0.0,807.03768,0.0,0.0
2022-01-31 08:50:00,0.0,446.00415,0.0,0.0
2022-01-31 09:00:00,0.0,672.0496,0.0,0.0
2022-01-31 09:10:00,0.0,650.5765,0.0,0.0
2022-01-31 09:20:00,0.0,845.93034,0.0,0.0
2022-01-31 09:30:00,0.0,699.2105200000001,0.0,0.0
2022-01-31 09:40:00,0.0,722.2637199999999,0.0,0.0
2022-01-31 09:50:00,0.0,819.12094,0.0,0.0
2022-01-31 10:00:00,0.0,772.39847,0.0,0.0
2022-01-31 10:10:00,0.0,711.59565,0.0,0.0
2022-01-31 10:20:00,0.0,672.6627000000001,0.0,0.0
2022-01-31 10:30:00,0.0,780.2317599999999,0.0,0.0
2022-01-31 10:40:00,0.0,778.822,0.0,0.0
2022-01-31 10:50:00,0.0,774.89166,0.0,0.0
2022-01-31 11:00:00,0.0,679.53333,0.0,0.0
2022-01-31 11:10:00,0.0,850.82726,0.0,0.0
2022-01-31 11:20:00,0.0,893.979736,0.0,0.0
2022-01-31 11:30:00,0.0,606.4693,0.0,0.0
2022-01-31 11:40:00,0.0,774.6121699999999,0.0,0.0
2022-01-31 11:50:00,0.0,822.92837,0.0,0.0
2022-01-31 12:00:00,0.0,654.2210299999999,0.0,0.0
2022-01-31 12:10:00,0.0,665.5959799999999,0.0,0.0
2022-01-31 12:20:00,0.0,827.7773099999999,0.0,0.0
2022-01-31 12:30:00,0.0,880.1048900000001,0.0,0.0
2022-01-31 12:40:00,0.0,746.9796,0.0,0.0
2022-01-31 12:50:00,7.370431018518511,774.86177,7.370431018518511,7.370431018518511
2022-01-31 13:00:00,18.481625,849.1637,18.481625,18.481625
2022-01-31 13:10:00,32.08016898148147,859.6225499999999,32.08016898148147,24.14794398148149
2022-01-31 13:20:00,38.2392648148148,766.97604,38.2392648148148,38.2392648148148
2022-01-31 13:30:00,43.24641851851852,830.52088,43.24641851851852,11.760735185185197
2022-01-31 13:40:00,40.9671162037037,854.73657,40.9671162037037,0.0
2022-01-31 13:50:00,17.60389722222222,778.12406,17.60389722222222,0.0
2022-01-31 14:00:00,0.0,706.05263,0.0,0.0
2022-01-31 14:10:00,0.2523981481481491,791.8866,0.2523981481481491,0.2523981481481491
2022-01-31 14:20:00,30.579746296296303,893.00084,30.579746296296303,30.579746296296303
2022-01-31 14:30:00,22.00748796296296,828.16058,22.00748796296296,69.16785555555555
2022-01-31 14:40:00,2.139227685185186,883.413106,2.139227685185186,0.0
2022-01-31 14:50:00,7.110192129629627,808.47605,7.110192129629627,50.0
2022-01-31 15:00:00,0.0,618.0140700000001,0.0,0.0
2022-01-31 15:10:00,0.0,920.14387,0.0,0.0
2022-01-31 15:20:00,0.0,879.167154,0.0,0.0
2022-01-31 15:30:00,0.0,529.7107,0.0,0.0
2022-01-31 15:40:00,0.0,288.3464,0.0,0.0
2022-01-31 15:50:00,0.0,805.63429,0.0,0.0
2022-01-31 16:00:00,0.0,918.54071,0.0,0.0
2022-01-31 16:10:00,0.0,433.4768,0.0,0.0
2022-01-31 16:20:00,0.0,349.36804,0.0,0.0
2022-01-31 16:30:00,0.0,772.16703,0.0,0.0
2022-01-31 16:40:00,0.0,821.73447,0.0,0.0
2022-01-31 16:50:00,0.0,666.8042800000001,0.0,0.0
2022-01-31 17:00:00,0.0,717.18755,0.0,0.0
2022-01-31 17:10:00,0.0,604.9317000000001,0.0,0.0
2022-01-31 17:20:00,0.0,888.1835599999999,0.0,0.0
2022-01-31 17:30:00,0.0,672.25492,0.0,0.0
2022-01-31 17:40:00,0.0,239.83765,0.0,0.0
2022-01-31 17:50:00,0.0,311.70240000000007,0.0,0.0
2022-01-31 18:00:00,0.0,461.3867,0.0,0.0
2022-01-31 18:10:00,0.0,438.1914,0.0,0.0
2022-01-31 18:20:00,0.0,429.7555,0.0,0.0
2022-01-31 18:30:00,0.0,396.6939,0.0,0.0
2022-01-31 18:40:00,0.0,413.5027999999999,0.0,0.0
2022-01-31 18:50:00,0.0,516.3026,0.0,0.0
2022-01-31 19:00:00,0.0,589.3001300000001,0.0,0.0
2022-01-31 19:10:00,0.0,573.6411999999999,0.0,0.0
2022-01-31 19:20:00,0.0,730.35324,0.0,0.0
2022-01-31 19:30:00,0.0,620.27052,0.0,0.0
2022-01-31 19:40:00,0.0,866.9464300000001,0.0,0.0
2022-01-31 19:50:00,0.0,875.845514,0.0,0.0
2022-01-31 20:00:00,0.0,703.01738,0.0,0.0
2022-01-31 20:10:00,0.0,896.7315259999999,0.0,0.0
2022-01-31 20:20:00,0.0,864.6356900000001,0.0,0.0
2022-01-31 20:30:00,0.0,875.84428,0.0,0.0
2022-01-31 20:40:00,0.0,817.70737,0.0,0.0
2022-01-31 20:50:00,0.0,808.55963,0.0,0.0
2022-01-31 21:00:00,0.0,873.27741,0.0,0.0
2022-01-31 21:10:00,0.0,866.5968200000001,0.0,0.0
2022-01-31 21:20:00,0.0,784.8674,0.0,0.0
2022-01-31 21:30:00,0.0,857.6571200000001,0.0,0.0
2022-01-31 21:40:00,0.0,900.28902,0.0,0.0
2022-01-31 21:50:00,0.0,907.01029,0.0,0.0
2022-01-31 22:00:00,0.0,893.54588,0.0,0.0
2022-01-31 22:10:00,0.0,856.66798,0.0,0.0
2022-01-31 22:20:00,0.0,802.72059,0.0,0.0
2022-01-31 22:30:00,0.0,867.41918,0.0,0.0
2022-01-31 22:40:00,0.0,896.4691700000001,0.0,0.0
2022-01-31 22:50:00,0.0,744.0093800000001,0.0,0.0
2022-01-31 23:00:00,0.0,863.51348,0.0,0.0
2022-01-31 23:10:00,0.0,869.8825999999999,0.0,0.0
2022-01-31 23:20:00,0.0,870.2601500000001,0.0,0.0
2022-01-31 23:30:00,0.0,867.6688100000001,0.0,0.0
2022-01-31 23:40:00,0.0,860.93947,0.0,0.0
2022-01-31 23:50:00,0.0,839.86478,0.0,0.0
2022-02-01 00:00:00,0.0,908.48546,0.0,0.0
2022-02-01 00:10:00,,,,0.0
